{"dc:identifier": "1dd9678cf22e", "url": "editor.csv-metadata.json", "dc:license": {"schema:name": "http://creativecommons.org/licenses/by-sa/3.0/"}, "dc:publisher": {"schema:name": "Max Planck Institute for Evolutionary Anthropology", "schema:url": {"@id": "http://www.eva.mpg.de"}}, "@context": ["http://www.w3.org/ns/csvw", {"@language": "en"}], "tableSchema": {"primaryKey": "pk", "columns": [{"datatype": {"@id": "http://www.w3.org/2001/XMLSchema#int"}, "name": "pk", "dc:description": "primary key"}, {"datatype": {"@id": "http://www.w3.org/2001/XMLSchema#string"}, "name": "jsondata"}, {"datatype": {"@id": "http://www.w3.org/2001/XMLSchema#string"}, "name": "polymorphic_type"}, {"datatype": {"@id": "http://www.w3.org/2001/XMLSchema#int"}, "name": "dataset_pk"}, {"datatype": {"@id": "http://www.w3.org/2001/XMLSchema#int"}, "name": "contributor_pk"}, {"datatype": {"@id": "http://www.w3.org/2001/XMLSchema#int"}, "name": "ord"}, {"datatype": {"@id": "http://www.w3.org/2001/XMLSchema#boolean"}, "name": "primary"}, {"datatype": {"@id": "http://www.w3.org/2001/XMLSchema#dateTime"}, "name": "updated"}, {"datatype": {"@id": "http://www.w3.org/2001/XMLSchema#boolean"}, "name": "active"}, {"datatype": {"@id": "http://www.w3.org/2001/XMLSchema#dateTime"}, "name": "created"}, {"datatype": {"@id": "http://www.w3.org/2001/XMLSchema#int"}, "name": "version"}], "foreignKeys": [{"columnReference": "dataset_pk", "reference": {"columnReference": "pk", "resource": "dataset"}}, {"columnReference": "contributor_pk", "reference": {"columnReference": "pk", "resource": "contributor"}}]}}