pk,jsondata,id,name,description,markup_description,gone,ficon,gicon,root,updated,active,created
1,{},southerncushitic,Southern Cushitic,Afro-Asiatic,,False,c0000dd,s0000dd,afas,2014-09-11T12:37:51.396346+02:00,True,2014-09-11T12:23:40.018035+02:00
2,{},eastchadic,East Chadic,Afro-Asiatic,,False,c0000dd,ccccccc,afas,2014-09-11T12:37:51.397440+02:00,True,2014-09-11T12:23:40.019650+02:00
3,{},beja,Beja,Afro-Asiatic,,False,c0000dd,s990099,afas,2014-09-11T12:37:51.398030+02:00,True,2014-09-11T12:23:40.020379+02:00
4,{},berber,Berber,Afro-Asiatic,,False,c0000dd,sdd0000,afas,2014-09-11T12:37:51.398340+02:00,True,2014-09-11T12:23:40.021017+02:00
5,{},biumandara,Biu-Mandara,Afro-Asiatic,,False,c0000dd,c0000dd,afas,2014-09-11T12:37:51.398623+02:00,True,2014-09-11T12:23:40.021639+02:00
6,{},westchadic,West Chadic,Afro-Asiatic,,False,c0000dd,c009900,afas,2014-09-11T12:37:51.398879+02:00,True,2014-09-11T12:23:40.022146+02:00
7,{},centralcushitic,Central Cushitic,Afro-Asiatic,,False,c0000dd,c990099,afas,2014-09-11T12:37:51.399513+02:00,True,2014-09-11T12:23:40.022751+02:00
8,{},egyptiancoptic,Egyptian-Coptic,Afro-Asiatic,,False,c0000dd,cdd0000,,2014-09-11T12:37:51.399978+02:00,True,2014-09-11T12:23:40.023126+02:00
9,{},southomotic,South Omotic,Afro-Asiatic,,False,c0000dd,cffff00,afas,2014-09-11T12:37:51.400553+02:00,True,2014-09-11T12:23:40.023458+02:00
10,{},semitic,Semitic,Afro-Asiatic,,False,c0000dd,cffffff,afas,2014-09-11T12:37:51.401041+02:00,True,2014-09-11T12:23:40.023787+02:00
11,{},masa,Masa,Afro-Asiatic,,False,c0000dd,c00ff00,afas,2014-09-11T12:37:51.401503+02:00,True,2014-09-11T12:23:40.024112+02:00
12,{},easterncushitic,Eastern Cushitic,Afro-Asiatic,,False,c0000dd,c00ffff,afas,2014-09-11T12:37:51.401949+02:00,True,2014-09-11T12:23:40.024435+02:00
13,{},northomotic,North Omotic,Afro-Asiatic,,False,c0000dd,cff6600,afas,2014-09-11T12:37:51.402343+02:00,True,2014-09-11T12:23:40.024754+02:00
14,{},ainu,Ainu,Ainu,,False,c990099,sffffff,asis,2014-09-11T12:37:51.402637+02:00,True,2014-09-11T12:23:40.025291+02:00
15,{},alacalufan,Alacalufan,Alacalufan,,False,cdd0000,s00ff00,alac,2014-09-11T12:37:51.403081+02:00,True,2014-09-11T12:23:40.025871+02:00
16,{},yurok,Yurok,Algic,,False,cffff00,s00ffff,algi,2014-09-11T12:37:51.403578+02:00,True,2014-09-11T12:23:40.026528+02:00
17,{},algonquian,Algonquian,Algic,,False,cffff00,scccccc,algi,2014-09-11T12:37:51.404083+02:00,True,2014-09-11T12:23:40.027282+02:00
18,{},wiyot,Wiyot,Algic,,False,cffff00,sff6600,algi,2014-09-11T12:37:51.404597+02:00,True,2014-09-11T12:23:40.028015+02:00
19,{},turkic,Turkic,Altaic,,False,cffffff,t0000dd,altc,2014-09-11T12:37:51.405063+02:00,True,2014-09-11T12:23:40.028877+02:00
20,{},mongolic,Mongolic,Altaic,,False,cffffff,t990099,altc,2014-09-11T12:37:51.405518+02:00,True,2014-09-11T12:23:40.029616+02:00
21,{},tungusic,Tungusic,Altaic,,False,cffffff,t009900,altc,2014-09-11T12:37:51.405948+02:00,True,2014-09-11T12:23:40.030343+02:00
22,{},andoke,Andoke,Andoke,,False,c00ff00,tdd0000,saso,2014-09-11T12:37:51.406352+02:00,True,2014-09-11T12:23:40.031077+02:00
23,{},anem,Anêm,Anêm,,False,c00ffff,tffff00,,2014-09-11T12:37:51.406770+02:00,True,2014-09-11T12:23:40.031818+02:00
24,{},arauan,Arauan,Arauan,,False,ccccccc,tffffff,arau,2014-09-11T12:37:51.407186+02:00,True,2014-09-11T12:23:40.032556+02:00
25,{},araucanian,Araucanian,Araucanian,,False,cff6600,t00ff00,arcn,2014-09-11T12:37:51.407599+02:00,True,2014-09-11T12:23:40.033269+02:00
26,{},atakapa,Atakapa,Atakapa,,False,s009900,fffffff,,2014-09-11T12:37:51.408106+02:00,True,2014-09-11T12:23:40.033991+02:00
239,{},mombum,Mombum,Mombum,,False,f66ff33,tff00ff,,2014-09-11T12:37:51.524355+02:00,True,2014-09-11T12:23:40.178584+02:00
27,{},westerndaly,Western Daly,Australian,,False,s990099,f00ffff,aust,2014-09-11T12:37:51.408564+02:00,True,2014-09-11T12:23:40.034644+02:00
28,{},wororan,Wororan,Australian,,False,s990099,fcccccc,aust,2014-09-11T12:37:51.409099+02:00,True,2014-09-11T12:23:40.035273+02:00
29,{},bunuban,Bunuban,Australian,,False,s990099,fff6600,,2014-09-11T12:37:51.409548+02:00,True,2014-09-11T12:23:40.035926+02:00
30,{},burarran,Burarran,Australian,,False,s990099,d0000dd,aust,2014-09-11T12:37:51.409997+02:00,True,2014-09-11T12:23:40.036553+02:00
31,{},ngandi,Ngandi,Australian,,False,s990099,d009900,,2014-09-11T12:37:51.410438+02:00,True,2014-09-11T12:23:40.037119+02:00
32,{},yangmanic,Yangmanic,Australian,,False,s990099,d990099,,2014-09-11T12:37:51.410905+02:00,True,2014-09-11T12:23:40.037648+02:00
33,{},ngalakan,Ngalakan,Australian,,False,s990099,ddd0000,aust,2014-09-11T12:37:51.411350+02:00,True,2014-09-11T12:23:40.038168+02:00
34,{},ndjebbana,Ndjébbana,Australian,,False,s990099,dffff00,,2014-09-11T12:37:51.411792+02:00,True,2014-09-11T12:23:40.038675+02:00
35,{},nakkara,Nakkara,Australian,,False,s990099,dffffff,,2014-09-11T12:37:51.412226+02:00,True,2014-09-11T12:23:40.039387+02:00
36,{},murrinhpatha,Murrinh-Patha,Australian,,False,s990099,d00ff00,aust,2014-09-11T12:37:51.412661+02:00,True,2014-09-11T12:23:40.040175+02:00
37,{},iwaidjan,Iwaidjan,Australian,,False,s990099,d00ffff,aust,2014-09-11T12:37:51.413096+02:00,True,2014-09-11T12:23:40.040960+02:00
38,{},jaminjungan,Jaminjungan,Australian,,False,s990099,dcccccc,,2014-09-11T12:37:51.413526+02:00,True,2014-09-11T12:23:40.041733+02:00
39,{},rembarnga,Rembarnga,Australian,,False,s990099,dff6600,,2014-09-11T12:37:51.413959+02:00,True,2014-09-11T12:23:40.042403+02:00
40,{},anindilyakwa,Anindilyakwa,Australian,,False,s990099,c000000,,2014-09-11T12:37:51.414403+02:00,True,2014-09-11T12:23:40.043043+02:00
41,{},pamanyungan,Pama-Nyungan,Australian,,False,s990099,c0000ff,aust,2014-09-11T12:37:51.414923+02:00,True,2014-09-11T12:23:40.043693+02:00
42,{},ansonbay,Anson Bay,Australian,,False,s990099,c4d6cee,,2014-09-11T12:37:51.415630+02:00,True,2014-09-11T12:23:40.044345+02:00
43,{},gunwinygic,Gunwinygic,Australian,,False,s990099,c66ff33,aust,2014-09-11T12:37:51.416150+02:00,True,2014-09-11T12:23:40.044986+02:00
44,{},limilngan,Limilngan,Australian,,False,s990099,c9999ff,,2014-09-11T12:37:51.416629+02:00,True,2014-09-11T12:23:40.045729+02:00
45,{},nyulnyulan,Nyulnyulan,Australian,,False,s990099,f00ff00,aust,2014-09-11T12:37:51.417100+02:00,True,2014-09-11T12:23:40.046563+02:00
46,{},garrwan,Garrwan,Australian,,False,s990099,c99ffff,aust,2014-09-11T12:37:51.417566+02:00,True,2014-09-11T12:23:40.047355+02:00
47,{},nunggubuyu,Nunggubuyu,Australian,,False,s990099,ca0fb75,aust,2014-09-11T12:37:51.418028+02:00,True,2014-09-11T12:23:40.048160+02:00
48,{},gaagudju,Gaagudju,Australian,,False,s990099,caa0000,,2014-09-11T12:37:51.418487+02:00,True,2014-09-11T12:23:40.048960+02:00
49,{},southerndaly,Southern Daly,Australian,,False,s990099,ccb9a34,aust,2014-09-11T12:37:51.419128+02:00,True,2014-09-11T12:23:40.049725+02:00
50,{},northerndaly,Northern Daly,Australian,,False,s990099,cd22257,aust,2014-09-11T12:37:51.419785+02:00,True,2014-09-11T12:23:40.050525+02:00
51,{},tangkic,Tangkic,Australian,,False,s990099,ce8e8e8,,2014-09-11T12:37:51.420405+02:00,True,2014-09-11T12:23:40.051412+02:00
52,{},tiwian,Tiwian,Australian,,False,s990099,ced9c07,aust,2014-09-11T12:37:51.421030+02:00,True,2014-09-11T12:23:40.052231+02:00
53,{},easterndaly,Eastern Daly,Australian,,False,s990099,cefe305,,2014-09-11T12:37:51.421595+02:00,True,2014-09-11T12:23:40.052963+02:00
54,{},mangarrayi,Mangarrayi,Australian,,False,s990099,cf38847,,2014-09-11T12:37:51.422166+02:00,True,2014-09-11T12:23:40.053639+02:00
55,{},djeragan,Djeragan,Australian,,False,s990099,cf3ffb0,,2014-09-11T12:37:51.422726+02:00,True,2014-09-11T12:23:40.054268+02:00
56,{},waray,Waray,Australian,,False,s990099,cfe3856,aust,2014-09-11T12:37:51.423299+02:00,True,2014-09-11T12:23:40.054956+02:00
57,{},westbarkly,West Barkly,Australian,,False,s990099,cff0000,,2014-09-11T12:37:51.423842+02:00,True,2014-09-11T12:23:40.055768+02:00
58,{},laragiyan,Laragiyan,Australian,,False,s990099,cff00ff,,2014-09-11T12:37:51.424386+02:00,True,2014-09-11T12:23:40.056656+02:00
59,{},maran,Maran,Australian,,False,s990099,cff4400,aust,2014-09-11T12:37:51.425018+02:00,True,2014-09-11T12:23:40.057496+02:00
60,{},wagiman,Wagiman,Australian,,False,s990099,cff66ff,,2014-09-11T12:37:51.425614+02:00,True,2014-09-11T12:23:40.058327+02:00
61,{},aslian,Aslian,Austro-Asiatic,,False,sdd0000,cffffcc,ausa,2014-09-11T12:37:51.426264+02:00,True,2014-09-11T12:23:40.059178+02:00
62,{},bahnaric,Bahnaric,Austro-Asiatic,,False,sdd0000,s000000,ausa,2014-09-11T12:37:51.427065+02:00,True,2014-09-11T12:23:40.060043+02:00
63,{},pearic,Pearic,Austro-Asiatic,,False,sdd0000,s0000ff,ausa,2014-09-11T12:37:51.427901+02:00,True,2014-09-11T12:23:40.060838+02:00
64,{},monic,Monic,Austro-Asiatic,,False,sdd0000,s4d6cee,ausa,2014-09-11T12:37:51.428507+02:00,True,2014-09-11T12:23:40.061736+02:00
65,{},munda,Munda,Austro-Asiatic,,False,sdd0000,s66ff33,ausa,2014-09-11T12:37:51.429299+02:00,True,2014-09-11T12:23:40.062529+02:00
66,{},vietmuong,Viet-Muong,Austro-Asiatic,,False,sdd0000,s9999ff,ausa,2014-09-11T12:37:51.430160+02:00,True,2014-09-11T12:23:40.063382+02:00
67,{},nicobarese,Nicobarese,Austro-Asiatic,,False,sdd0000,s99ffff,ausa,2014-09-11T12:37:51.430806+02:00,True,2014-09-11T12:23:40.064197+02:00
68,{},palaungkhmuic,Palaung-Khmuic,Austro-Asiatic,,False,sdd0000,sa0fb75,ausa,2014-09-11T12:37:51.431406+02:00,True,2014-09-11T12:23:40.065010+02:00
69,{},khmer,Khmer,Austro-Asiatic,,False,sdd0000,saa0000,ausa,2014-09-11T12:37:51.431974+02:00,True,2014-09-11T12:23:40.065776+02:00
70,{},khasian,Khasian,Austro-Asiatic,,False,sdd0000,scb9a34,ausa,2014-09-11T12:37:51.432533+02:00,True,2014-09-11T12:23:40.066489+02:00
71,{},katuic,Katuic,Austro-Asiatic,,False,sdd0000,cffcc00,ausa,2014-09-11T12:37:51.433084+02:00,True,2014-09-11T12:23:40.067183+02:00
72,{},barito,Barito,Austronesian,,False,sffff00,sefe305,anes,2014-09-11T12:37:51.433694+02:00,True,2014-09-11T12:23:40.067971+02:00
73,{},chamorro,Chamorro,Austronesian,,False,sffff00,sf38847,anes,2014-09-11T12:37:51.434284+02:00,True,2014-09-11T12:23:40.068680+02:00
74,{},centralmalayopolynesian,Central Malayo-Polynesian,Austronesian,,False,sffff00,sf3ffb0,anes,2014-09-11T12:37:51.434911+02:00,True,2014-09-11T12:23:40.069384+02:00
75,{},samabajaw,Sama-Bajaw,Austronesian,,False,sffff00,sfe3856,anes,2014-09-11T12:37:51.435549+02:00,True,2014-09-11T12:23:40.070066+02:00
76,{},southhalmaherawestnewguinea,South Halmahera - West New Guinea,Austronesian,,False,sffff00,sff0000,anes,2014-09-11T12:37:51.436173+02:00,True,2014-09-11T12:23:40.070721+02:00
77,{},yapese,Yapese,Austronesian,,False,sffff00,sff00ff,anes,2014-09-11T12:37:51.436799+02:00,True,2014-09-11T12:23:40.071382+02:00
78,{},rejang,Rejang,Austronesian,,False,sffff00,sff4400,,2014-09-11T12:37:51.437404+02:00,True,2014-09-11T12:23:40.072020+02:00
79,{},palauan,Palauan,Austronesian,,False,sffff00,sff66ff,anes,2014-09-11T12:37:51.437927+02:00,True,2014-09-11T12:23:40.072634+02:00
80,{},oceanic,Oceanic,Austronesian,,False,sffff00,sffcc00,anes,2014-09-11T12:37:51.438431+02:00,True,2014-09-11T12:23:40.073251+02:00
81,{},lampungic,Lampungic,Austronesian,,False,sffff00,sffffcc,,2014-09-11T12:37:51.439043+02:00,True,2014-09-11T12:23:40.073876+02:00
82,{},atayalic,Atayalic,Austronesian,,False,sffff00,sd22257,anes,2014-09-11T12:37:51.439671+02:00,True,2014-09-11T12:23:40.074478+02:00
83,{},javanese,Javanese,Austronesian,,False,sffff00,se8e8e8,anes,2014-09-11T12:37:51.440272+02:00,True,2014-09-11T12:23:40.075335+02:00
84,{},landdayak,Land Dayak,Austronesian,,False,sffff00,sed9c07,,2014-09-11T12:37:51.440830+02:00,True,2014-09-11T12:23:40.076002+02:00
85,{},awinpare,Awin-Pare,Awin-Pare,,False,sffffff,f000000,,2014-09-11T12:37:51.441400+02:00,True,2014-09-11T12:23:40.076757+02:00
86,{},aymaran,Aymaran,Aymaran,,False,s00ff00,f0000ff,ayma,2014-09-11T12:37:51.441906+02:00,True,2014-09-11T12:23:40.077492+02:00
87,{},taulil,Taulil,Baining-Taulil,,False,s00ffff,f4d6cee,,2014-09-11T12:37:51.442417+02:00,True,2014-09-11T12:23:40.078184+02:00
88,{},baining,Baining,Baining-Taulil,,False,s00ffff,f66ff33,epap,2014-09-11T12:37:51.442918+02:00,True,2014-09-11T12:23:40.078875+02:00
89,{},bangime,Bangime,Bangime,,False,scccccc,f9999ff,,2014-09-11T12:37:51.443424+02:00,True,2014-09-11T12:23:40.079557+02:00
90,{},barbacoan,Barbacoan,Barbacoan,,False,sff6600,f99ffff,barb,2014-09-11T12:37:51.443925+02:00,True,2014-09-11T12:23:40.080215+02:00
91,{},basque,Basque,Basque,,False,t0000dd,fa0fb75,basq,2014-09-11T12:37:51.444419+02:00,True,2014-09-11T12:23:40.080898+02:00
92,{},beothuk,Beothuk,Beothuk,,False,t009900,faa0000,,2014-09-11T12:37:51.444939+02:00,True,2014-09-11T12:23:40.081615+02:00
93,{},betoi,Betoi,Betoi,,False,t990099,fcb9a34,,2014-09-11T12:37:51.445528+02:00,True,2014-09-11T12:23:40.082351+02:00
94,{},border,Border,Border,,False,tdd0000,fd22257,trng,2014-09-11T12:37:51.446136+02:00,True,2014-09-11T12:23:40.083028+02:00
95,{},bosavi,Bosavi,Bosavi,,False,tffff00,fe8e8e8,,2014-09-11T12:37:51.446758+02:00,True,2014-09-11T12:23:40.083744+02:00
96,{},bulakariver,Bulaka River,Bulaka River,,False,tffffff,fed9c07,,2014-09-11T12:37:51.447386+02:00,True,2014-09-11T12:23:40.084470+02:00
97,{},burushaski,Burushaski,Burushaski,,False,t00ff00,fefe305,asis,2014-09-11T12:37:51.448004+02:00,True,2014-09-11T12:23:40.085227+02:00
98,{},cacuanukak,Cacua-Nukak,Cacua-Nukak,,False,t00ffff,ff38847,maku,2014-09-11T12:37:51.448685+02:00,True,2014-09-11T12:23:40.086067+02:00
99,{},caddoan,Caddoan,Caddoan,,False,tcccccc,ff3ffb0,cadd,2014-09-11T12:37:51.449256+02:00,True,2014-09-11T12:23:40.086784+02:00
100,{},cahuapanan,Cahuapanan,Cahuapanan,,False,tff6600,ffe3856,cahu,2014-09-11T12:37:51.449913+02:00,True,2014-09-11T12:23:40.087465+02:00
101,{},camsa,Camsá,Camsá,,False,f0000dd,fff0000,saso,2014-09-11T12:37:51.450447+02:00,True,2014-09-11T12:23:40.088126+02:00
102,{},candoshi,Candoshi,Candoshi,,False,f009900,fff00ff,saso,2014-09-11T12:37:51.450937+02:00,True,2014-09-11T12:23:40.088773+02:00
103,{},cariban,Cariban,Cariban,,False,f990099,fff4400,cari,2014-09-11T12:37:51.451516+02:00,True,2014-09-11T12:23:40.089414+02:00
104,{},cayuvava,Cayuvava,Cayuvava,,False,fdd0000,fff66ff,saso,2014-09-11T12:37:51.452111+02:00,True,2014-09-11T12:23:40.090085+02:00
105,{},chapacurawanham,Chapacura-Wanham,Chapacura-Wanham,,False,fffff00,fffcc00,chaw,2014-09-11T12:37:51.452695+02:00,True,2014-09-11T12:23:40.090696+02:00
106,{},guaymi,Guaymi,Chibchan,,False,fffffff,d000000,,2014-09-11T12:37:51.453280+02:00,True,2014-09-11T12:23:40.091385+02:00
107,{},talamanca,Talamanca,Chibchan,,False,fffffff,d0000ff,chib,2014-09-11T12:37:51.453861+02:00,True,2014-09-11T12:23:40.092032+02:00
108,{},chibchanproper,Chibchan Proper,Chibchan,,False,fffffff,d4d6cee,chib,2014-09-11T12:37:51.454439+02:00,True,2014-09-11T12:23:40.092673+02:00
109,{},rama,Rama,Chibchan,,False,fffffff,fffffcc,chib,2014-09-11T12:37:51.455044+02:00,True,2014-09-11T12:23:40.093319+02:00
110,{},paya,Paya,Chibchan,,False,fffffff,d66ff33,chib,2014-09-11T12:37:51.455584+02:00,True,2014-09-11T12:23:40.093953+02:00
111,{},kuna,Kuna,Chibchan,,False,fffffff,d9999ff,chib,2014-09-11T12:37:51.456072+02:00,True,2014-09-11T12:23:40.094583+02:00
112,{},motilon,Motilon,Chibchan,,False,fffffff,d99ffff,chib,2014-09-11T12:37:51.456543+02:00,True,2014-09-11T12:23:40.095268+02:00
113,{},chimila,Chimila,Chibchan,,False,fffffff,da0fb75,chib,2014-09-11T12:37:51.456981+02:00,True,2014-09-11T12:23:40.095988+02:00
114,{},aruak,Aruak,Chibchan,,False,fffffff,daa0000,chib,2014-09-11T12:37:51.457413+02:00,True,2014-09-11T12:23:40.096635+02:00
115,{},chimakuan,Chimakuan,Chimakuan,,False,f00ff00,dcb9a34,chmn,2014-09-11T12:37:51.457843+02:00,True,2014-09-11T12:23:40.097267+02:00
116,{},chimuan,Chimúan,Chimúan,,False,f00ffff,dd22257,saso,2014-09-11T12:37:51.458391+02:00,True,2014-09-11T12:23:40.097897+02:00
117,{},chiquito,Chiquito,Chiquito,,False,fcccccc,de8e8e8,macg,2014-09-11T12:37:51.458949+02:00,True,2014-09-11T12:23:40.098555+02:00
118,{},chitimacha,Chitimacha,Chitimacha,,False,fff6600,ded9c07,,2014-09-11T12:37:51.459634+02:00,True,2014-09-11T12:23:40.099176+02:00
119,{},choco,Choco,Choco,,False,d0000dd,defe305,choc,2014-09-11T12:37:51.460273+02:00,True,2014-09-11T12:23:40.099788+02:00
120,{},cholon,Cholon,Cholon,,False,d009900,df38847,hibi,2014-09-11T12:37:51.460908+02:00,True,2014-09-11T12:23:40.100415+02:00
121,{},chonproper,Chon Proper,Chon,,False,d990099,dfe3856,chon,2014-09-11T12:37:51.461539+02:00,True,2014-09-11T12:23:40.101064+02:00
122,{},puelche,Puelche,Chon,,False,d990099,df3ffb0,chon,2014-09-11T12:37:51.462191+02:00,True,2014-09-11T12:23:40.101696+02:00
123,{},northernchukotkokamchatkan,Northern Chukotko-Kamchatkan,Chukotko-Kamchatkan,,False,ddd0000,dff0000,chka,2014-09-11T12:37:51.462759+02:00,True,2014-09-11T12:23:40.102324+02:00
124,{},southernchukotkokamchatkan,Southern Chukotko-Kamchatkan,Chukotko-Kamchatkan,,False,ddd0000,dff00ff,chka,2014-09-11T12:37:51.463310+02:00,True,2014-09-11T12:23:40.102968+02:00
125,{},chumash,Chumash,Chumash,,False,dffff00,dff4400,chum,2014-09-11T12:37:51.463807+02:00,True,2014-09-11T12:23:40.103576+02:00
126,{},coahuiltecan,Coahuiltecan,Coahuiltecan,,False,dffffff,dff66ff,,2014-09-11T12:37:51.464284+02:00,True,2014-09-11T12:23:40.104179+02:00
127,{},cofan,Cofán,Cofán,,False,d00ff00,dffcc00,chib,2014-09-11T12:37:51.464861+02:00,True,2014-09-11T12:23:40.104774+02:00
128,{},comecrudan,Comecrudan,Comecrudan,,False,d00ffff,dffffcc,,2014-09-11T12:37:51.465550+02:00,True,2014-09-11T12:23:40.105400+02:00
129,{},cuitlatec,Cuitlatec,Cuitlatec,,False,dcccccc,c0000dd,,2014-09-11T12:37:51.466193+02:00,True,2014-09-11T12:23:40.106062+02:00
130,{},dagan,Dagan,Dagan,,False,dff6600,c009900,,2014-09-11T12:37:51.466780+02:00,True,2014-09-11T12:23:40.106829+02:00
131,{},southcentraldravidian,South-Central Dravidian,Dravidian,,False,c000000,cffffff,drav,2014-09-11T12:37:51.467273+02:00,True,2014-09-11T12:23:40.107637+02:00
132,{},centraldravidian,Central Dravidian,Dravidian,,False,c000000,cffff00,drav,2014-09-11T12:37:51.467781+02:00,True,2014-09-11T12:23:40.108362+02:00
133,{},southerndravidian,Southern Dravidian,Dravidian,,False,c000000,cdd0000,drav,2014-09-11T12:37:51.468255+02:00,True,2014-09-11T12:23:40.109070+02:00
134,{},northerndravidian,Northern Dravidian,Dravidian,,False,c000000,c990099,drav,2014-09-11T12:37:51.468723+02:00,True,2014-09-11T12:23:40.109777+02:00
135,{},eastbirdshead,East Bird's Head,East Bird's Head,,False,c0000ff,c00ff00,,2014-09-11T12:37:51.469181+02:00,True,2014-09-11T12:23:40.110557+02:00
136,{},eastbougainville,East Bougainville,East Bougainville,,False,c4d6cee,c00ffff,epap,2014-09-11T12:37:51.469630+02:00,True,2014-09-11T12:23:40.111347+02:00
137,{},eastgeelvinkbay,East Geelvink Bay,East Geelvink Bay,,False,c66ff33,ccccccc,,2014-09-11T12:37:51.470075+02:00,True,2014-09-11T12:23:40.112066+02:00
138,{},eaststrickland,East Strickland,East Strickland,,False,c9999ff,cff6600,trng,2014-09-11T12:37:51.470517+02:00,True,2014-09-11T12:23:40.112721+02:00
139,{},tate,Tate,Eleman,,False,c99ffff,s0000dd,,2014-09-11T12:37:51.471014+02:00,True,2014-09-11T12:23:40.113367+02:00
140,{},elemanproper,Eleman Proper,Eleman,,False,c99ffff,s009900,trng,2014-09-11T12:37:51.471639+02:00,True,2014-09-11T12:23:40.113997+02:00
141,{},aleut,Aleut,Eskimo-Aleut,,False,ca0fb75,s990099,eska,2014-09-11T12:37:51.472211+02:00,True,2014-09-11T12:23:40.114623+02:00
142,{},eskimo,Eskimo,Eskimo-Aleut,,False,ca0fb75,sdd0000,eska,2014-09-11T12:37:51.472742+02:00,True,2014-09-11T12:23:40.115278+02:00
143,{},esselen,Esselen,Esselen,,False,caa0000,sffff00,,2014-09-11T12:37:51.473230+02:00,True,2014-09-11T12:23:40.115941+02:00
144,{},gapun,Gapun,Gapun,,False,ccb9a34,sffffff,,2014-09-11T12:37:51.473703+02:00,True,2014-09-11T12:23:40.116581+02:00
145,{},suki,Suki,Gogodala-Suki,,False,cd22257,s00ff00,,2014-09-11T12:37:51.474167+02:00,True,2014-09-11T12:23:40.117245+02:00
146,{},gogodala,Gogodala,Gogodala-Suki,,False,cd22257,s00ffff,,2014-09-11T12:37:51.474760+02:00,True,2014-09-11T12:23:40.117910+02:00
147,{},greatandamanese,Great Andamanese,Great Andamanese,,False,ce8e8e8,scccccc,anda,2014-09-11T12:37:51.475258+02:00,True,2014-09-11T12:23:40.118541+02:00
148,{},paiwanic,Paiwan,Austronesian,,False,sffff00,t000000,anes,2014-09-11T12:37:51.475846+02:00,True,2014-09-11T12:23:40.119206+02:00
149,{},tsouic,Tsou,Austronesian,,False,sffff00,t0000ff,anes,2014-09-11T12:37:51.476424+02:00,True,2014-09-11T12:23:40.119862+02:00
150,{},guahiban,Guahiban,Guahiban,,False,ced9c07,sff6600,guah,2014-09-11T12:37:51.477113+02:00,True,2014-09-11T12:23:40.120516+02:00
151,{},guaicuruan,Guaicuruan,Guaicuruan,,False,cefe305,t0000dd,mgua,2014-09-11T12:37:51.477762+02:00,True,2014-09-11T12:23:40.121168+02:00
152,{},hadza,Hadza,Hadza,,False,cf38847,t009900,khoi,2014-09-11T12:37:51.478378+02:00,True,2014-09-11T12:23:40.121800+02:00
153,{},haida,Haida,Haida,,False,cf3ffb0,t990099,nadn,2014-09-11T12:37:51.479020+02:00,True,2014-09-11T12:23:40.122433+02:00
154,{},harakmbet,Harakmbet,Harakmbet,,False,cfe3856,tdd0000,hara,2014-09-11T12:37:51.479578+02:00,True,2014-09-11T12:23:40.123100+02:00
155,{},hmongmien,Hmong-Mien,Hmong-Mien,,False,cff0000,tffff00,hmom,2014-09-11T12:37:51.480171+02:00,True,2014-09-11T12:23:40.123735+02:00
156,{},yuman,Yuman,Hokan,,False,cff00ff,f0000dd,hoka,2014-09-11T12:37:51.480655+02:00,True,2014-09-11T12:23:40.124362+02:00
157,{},seri,Seri,Hokan,,False,cff00ff,tff6600,hoka,2014-09-11T12:37:51.481115+02:00,True,2014-09-11T12:23:40.124990+02:00
158,{},chimariko,Chimariko,Hokan,,False,cff00ff,tcccccc,hoka,2014-09-11T12:37:51.481658+02:00,True,2014-09-11T12:23:40.125641+02:00
159,{},palaihnihan,Palaihnihan,Hokan,,False,cff00ff,t00ffff,hoka,2014-09-11T12:37:51.482155+02:00,True,2014-09-11T12:23:40.126293+02:00
160,{},shasta,Shasta,Hokan,,False,cff00ff,t00ff00,hoka,2014-09-11T12:37:51.482731+02:00,True,2014-09-11T12:23:40.126955+02:00
161,{},yana,Yana,Hokan,,False,cff00ff,tffffff,hoka,2014-09-11T12:37:51.483333+02:00,True,2014-09-11T12:23:40.127594+02:00
162,{},pomoan,Pomoan,Hokan,,False,cff00ff,f009900,hoka,2014-09-11T12:37:51.483901+02:00,True,2014-09-11T12:23:40.128228+02:00
163,{},huarpe,Huarpe,Huarpe,,False,cff4400,f990099,,2014-09-11T12:37:51.484481+02:00,True,2014-09-11T12:23:40.128849+02:00
164,{},huavean,Huavean,Huavean,,False,cff66ff,fdd0000,huav,2014-09-11T12:37:51.485078+02:00,True,2014-09-11T12:23:40.129504+02:00
165,{},boran,Boran,Huitotoan,,False,cffcc00,fffffff,wita,2014-09-11T12:37:51.485722+02:00,True,2014-09-11T12:23:40.130204+02:00
166,{},huitoto,Huitoto,Huitotoan,,False,cffcc00,fffff00,wita,2014-09-11T12:37:51.486330+02:00,True,2014-09-11T12:23:40.130865+02:00
167,{},germanic,Germanic,Indo-European,,False,cffffcc,f00ffff,ieur,2014-09-11T12:37:51.487005+02:00,True,2014-09-11T12:23:40.131497+02:00
168,{},indic,Indic,Indo-European,,False,cffffcc,f00ff00,ieur,2014-09-11T12:37:51.487713+02:00,True,2014-09-11T12:23:40.132099+02:00
169,{},iranian,Iranian,Indo-European,,False,cffffcc,fcccccc,ieur,2014-09-11T12:37:51.488345+02:00,True,2014-09-11T12:23:40.132695+02:00
170,{},romance,Romance,Indo-European,,False,cffffcc,fff6600,ieur,2014-09-11T12:37:51.488867+02:00,True,2014-09-11T12:23:40.133299+02:00
171,{},slavic,Slavic,Indo-European,,False,cffffcc,d0000dd,ieur,2014-09-11T12:37:51.489337+02:00,True,2014-09-11T12:23:40.133932+02:00
172,{},greek,Greek,Indo-European,,False,cffffcc,d009900,ieur,2014-09-11T12:37:51.489793+02:00,True,2014-09-11T12:23:40.134569+02:00
173,{},celtic,Celtic,Indo-European,,False,cffffcc,d990099,ieur,2014-09-11T12:37:51.490243+02:00,True,2014-09-11T12:23:40.135220+02:00
174,{},baltic,Baltic,Indo-European,,False,cffffcc,ddd0000,ieur,2014-09-11T12:37:51.490882+02:00,True,2014-09-11T12:23:40.135866+02:00
175,{},armenian,Armenian,Indo-European,,False,cffffcc,dffff00,ieur,2014-09-11T12:37:51.491520+02:00,True,2014-09-11T12:23:40.136508+02:00
176,{},albanian,Albanian,Indo-European,,False,cffffcc,dffffff,ieur,2014-09-11T12:37:51.492146+02:00,True,2014-09-11T12:23:40.137133+02:00
177,{},southerniroquoian,Southern Iroquoian,Iroquoian,,False,s0000ff,dcccccc,iroq,2014-09-11T12:37:51.492774+02:00,True,2014-09-11T12:23:40.137769+02:00
178,{},northerniroquoian,Northern Iroquoian,Iroquoian,,False,s0000ff,d00ffff,iroq,2014-09-11T12:37:51.493376+02:00,True,2014-09-11T12:23:40.138397+02:00
179,{},itonama,Itonama,Itonama,,False,s4d6cee,dff6600,saso,2014-09-11T12:37:51.493972+02:00,True,2014-09-11T12:23:40.139035+02:00
180,{},jabuti,Jabutí,Jabutí,,False,s66ff33,c000000,macg,2014-09-11T12:37:51.494558+02:00,True,2014-09-11T12:23:40.139694+02:00
181,{},japanese,Japanese,Japanese,,False,s9999ff,c0000ff,japo,2014-09-11T12:37:51.495117+02:00,True,2014-09-11T12:23:40.140340+02:00
182,{},jirajaran,Jirajaran,Jirajaran,,False,s99ffff,c4d6cee,,2014-09-11T12:37:51.495653+02:00,True,2014-09-11T12:23:40.140959+02:00
183,{},jivaroan,Jivaroan,Jivaroan,,False,sa0fb75,c66ff33,jiva,2014-09-11T12:37:51.496176+02:00,True,2014-09-11T12:23:40.141577+02:00
184,{},kadugli,Kadugli,Kadugli,,False,saa0000,c9999ff,nsah,2014-09-11T12:37:51.496812+02:00,True,2014-09-11T12:23:40.142210+02:00
185,{},kalapuyan,Kalapuyan,Kalapuyan,,False,scb9a34,c99ffff,,2014-09-11T12:37:51.497339+02:00,True,2014-09-11T12:23:40.142857+02:00
186,{},kapixana,Kapixana,Kapixana,,False,se8e8e8,caa0000,,2014-09-11T12:37:51.497843+02:00,True,2014-09-11T12:23:40.143449+02:00
187,{},karankawa,Karankawa,Karankawa,,False,sed9c07,ccb9a34,,2014-09-11T12:37:51.498346+02:00,True,2014-09-11T12:23:40.144038+02:00
188,{},kariri,Kariri,Kariri,,False,sefe305,cd22257,saun,2014-09-11T12:37:51.498844+02:00,True,2014-09-11T12:23:40.144631+02:00
189,{},karkaryuri,Karkar-Yuri,Karkar-Yuri,,False,sf38847,ce8e8e8,,2014-09-11T12:37:51.499347+02:00,True,2014-09-11T12:23:40.145226+02:00
190,{},karok,Karok,Karok,,False,sf3ffb0,ced9c07,hoka,2014-09-11T12:37:51.499893+02:00,True,2014-09-11T12:23:40.145865+02:00
191,{},kartvelian,Kartvelian,Kartvelian,,False,sfe3856,cefe305,kart,2014-09-11T12:37:51.500394+02:00,True,2014-09-11T12:23:40.146476+02:00
192,{},katukinan,Katukinan,Katukinan,,False,sff0000,cf38847,katk,2014-09-11T12:37:51.500885+02:00,True,2014-09-11T12:23:40.147122+02:00
193,{},kaure,Kaure,Kaure,,False,sff00ff,cf3ffb0,,2014-09-11T12:37:51.501367+02:00,True,2014-09-11T12:23:40.147764+02:00
194,{},kayagar,Kayagar,Kayagar,,False,sff4400,cfe3856,,2014-09-11T12:37:51.501828+02:00,True,2014-09-11T12:23:40.148385+02:00
195,{},keresan,Keresan,Keresan,,False,sff66ff,cff0000,kere,2014-09-11T12:37:51.502414+02:00,True,2014-09-11T12:23:40.149012+02:00
196,{},centralkhoisan,Central Khoisan,Khoisan,,False,sffcc00,cffcc00,khoi,2014-09-11T12:37:51.502989+02:00,True,2014-09-11T12:23:40.149643+02:00
197,{},southernkhoisan,Southern Khoisan,Khoisan,,False,sffcc00,cffffcc,khoi,2014-09-11T12:37:51.503517+02:00,True,2014-09-11T12:23:40.150406+02:00
198,{},northernkhoisan,Northern Khoisan,Khoisan,,False,sffcc00,cff00ff,khoi,2014-09-11T12:37:51.504032+02:00,True,2014-09-11T12:23:40.151167+02:00
199,{},hoan,=|Hoan,Khoisan,,False,sffcc00,cff66ff,,2014-09-11T12:37:51.504569+02:00,True,2014-09-11T12:23:40.151904+02:00
200,{},sandawe,Sandawe,Khoisan,,False,sffcc00,cff4400,khoi,2014-09-11T12:37:51.505061+02:00,True,2014-09-11T12:23:40.152650+02:00
201,{},kiowatanoan,Kiowa-Tanoan,Kiowa-Tanoan,,False,sffffcc,s000000,kita,2014-09-11T12:37:51.505568+02:00,True,2014-09-11T12:23:40.153373+02:00
202,{},kiwaian,Kiwaian,Kiwaian,,False,t000000,s0000ff,trng,2014-09-11T12:37:51.506103+02:00,True,2014-09-11T12:23:40.154084+02:00
203,{},kolopom,Kolopom,Kolopom,,False,t0000ff,s4d6cee,trng,2014-09-11T12:37:51.506617+02:00,True,2014-09-11T12:23:40.154785+02:00
204,{},korean,Korean,Korean,,False,t4d6cee,s66ff33,asis,2014-09-11T12:37:51.507115+02:00,True,2014-09-11T12:23:40.155458+02:00
205,{},kunza,Kunza,Kunza,,False,t66ff33,s9999ff,saun,2014-09-11T12:37:51.507583+02:00,True,2014-09-11T12:23:40.156142+02:00
206,{},kuot,Kuot,Kuot,,False,t9999ff,s99ffff,epap,2014-09-11T12:37:51.508047+02:00,True,2014-09-11T12:23:40.156744+02:00
207,{},kusunda,Kusunda,Kusunda,,False,t99ffff,sa0fb75,sitb,2014-09-11T12:37:51.508481+02:00,True,2014-09-11T12:23:40.157393+02:00
208,{},kutenai,Kutenai,Kutenai,,False,ta0fb75,saa0000,,2014-09-11T12:37:51.508915+02:00,True,2014-09-11T12:23:40.158198+02:00
209,{},kwaza,Kwaza,Kwaza,,False,taa0000,scb9a34,,2014-09-11T12:37:51.509347+02:00,True,2014-09-11T12:23:40.158944+02:00
210,{},kwerba,Kwerba,Kwerba,,False,tcb9a34,sd22257,,2014-09-11T12:37:51.509775+02:00,True,2014-09-11T12:23:40.159641+02:00
211,{},kwomtari,Kwomtari,Kwomtari-Baibai,,False,td22257,sed9c07,,2014-09-11T12:37:51.510202+02:00,True,2014-09-11T12:23:40.160339+02:00
212,{},fas,Fas,Kwomtari-Baibai,,False,td22257,se8e8e8,,2014-09-11T12:37:51.510826+02:00,True,2014-09-11T12:23:40.160997+02:00
213,{},laal,Laal,Laal,,False,te8e8e8,sefe305,,2014-09-11T12:37:51.511318+02:00,True,2014-09-11T12:23:40.161653+02:00
214,{},lakesplain,Lakes Plain,Lakes Plain,,False,ted9c07,sf38847,,2014-09-11T12:37:51.511909+02:00,True,2014-09-11T12:23:40.162380+02:00
215,{},leftmay,Left May,Left May,,False,tefe305,sf3ffb0,,2014-09-11T12:37:51.512583+02:00,True,2014-09-11T12:23:40.163049+02:00
216,{},leko,Leko,Leko,,False,tf38847,sfe3856,saso,2014-09-11T12:37:51.513223+02:00,True,2014-09-11T12:23:40.163664+02:00
217,{},lowersepik,Lower Sepik,Lower Sepik-Ramu,,False,tf3ffb0,sffcc00,,2014-09-11T12:37:51.513773+02:00,True,2014-09-11T12:23:40.164283+02:00
218,{},botin,Botin,Lower Sepik-Ramu,,False,tf3ffb0,sff0000,,2014-09-11T12:37:51.514290+02:00,True,2014-09-11T12:23:40.164896+02:00
219,{},annaberg,Annaberg,Lower Sepik-Ramu,,False,tf3ffb0,sff66ff,,2014-09-11T12:37:51.514804+02:00,True,2014-09-11T12:23:40.165507+02:00
220,{},mikarew,Mikarew,Lower Sepik-Ramu,,False,tf3ffb0,sff00ff,,2014-09-11T12:37:51.515271+02:00,True,2014-09-11T12:23:40.166175+02:00
221,{},lowerramu,Lower Ramu,Lower Sepik-Ramu,,False,tf3ffb0,sff4400,,2014-09-11T12:37:51.515743+02:00,True,2014-09-11T12:23:40.166851+02:00
222,{},lule,Lule,Lule,,False,tfe3856,sffffcc,,2014-09-11T12:37:51.516200+02:00,True,2014-09-11T12:23:40.167470+02:00
223,{},yate,Yatê,Macro-Ge,,False,tff0000,taa0000,macg,2014-09-11T12:37:51.516651+02:00,True,2014-09-11T12:23:40.168111+02:00
224,{},gekaingang,Ge-Kaingang,Macro-Ge,,False,tff0000,t000000,macg,2014-09-11T12:37:51.517094+02:00,True,2014-09-11T12:23:40.168750+02:00
225,{},maxakali,Maxakalí,Macro-Ge,,False,tff0000,t99ffff,macg,2014-09-11T12:37:51.517532+02:00,True,2014-09-11T12:23:40.169381+02:00
226,{},botocudo,Botocudo,Macro-Ge,,False,tff0000,t9999ff,macg,2014-09-11T12:37:51.517966+02:00,True,2014-09-11T12:23:40.170007+02:00
227,{},guato,Guató,Macro-Ge,,False,tff0000,ta0fb75,macg,2014-09-11T12:37:51.518399+02:00,True,2014-09-11T12:23:40.170632+02:00
228,{},bororo,Bororo,Macro-Ge,,False,tff0000,t0000ff,macg,2014-09-11T12:37:51.518906+02:00,True,2014-09-11T12:23:40.171251+02:00
229,{},karaja,Karajá,Macro-Ge,,False,tff0000,t4d6cee,macg,2014-09-11T12:37:51.519340+02:00,True,2014-09-11T12:23:40.171849+02:00
230,{},rikbaktsa,Rikbaktsa,Macro-Ge,,False,tff0000,t66ff33,macg,2014-09-11T12:37:51.519776+02:00,True,2014-09-11T12:23:40.172458+02:00
231,{},maku,Máku,Máku,,False,tff00ff,tcb9a34,,2014-09-11T12:37:51.520227+02:00,True,2014-09-11T12:23:40.173055+02:00
232,{},marindproper,Marind Proper,Marind,,False,tff4400,td22257,,2014-09-11T12:37:51.520652+02:00,True,2014-09-11T12:23:40.173322+02:00
233,{},southbirdshead,South Bird's Head,Marind,,False,tff4400,te8e8e8,trng,2014-09-11T12:37:51.521082+02:00,True,2014-09-11T12:23:40.174072+02:00
234,{},mascoian,Mascoian,Mascoian,,False,tff66ff,ted9c07,,2014-09-11T12:37:51.521512+02:00,True,2014-09-11T12:23:40.174864+02:00
235,{},matacoan,Matacoan,Matacoan,,False,tffcc00,tefe305,mgua,2014-09-11T12:37:51.521939+02:00,True,2014-09-11T12:23:40.175598+02:00
236,{},mayan,Mayan,Mayan,,False,tffffcc,tf38847,maya,2014-09-11T12:37:51.522444+02:00,True,2014-09-11T12:23:40.176377+02:00
237,{},misumalpan,Misumalpan,Misumalpan,,False,f000000,tf3ffb0,misu,2014-09-11T12:37:51.523074+02:00,True,2014-09-11T12:23:40.177103+02:00
238,{},mixezoque,Mixe-Zoque,Mixe-Zoque,,False,f4d6cee,tff0000,mizo,2014-09-11T12:37:51.523750+02:00,True,2014-09-11T12:23:40.177854+02:00
240,{},monumbo,Monumbo,Monumbo,,False,f9999ff,tff4400,,2014-09-11T12:37:51.524952+02:00,True,2014-09-11T12:23:40.179330+02:00
241,{},moreheadanduppermarorivers,Morehead and Upper Maro Rivers,Morehead and Upper Maro Rivers,,False,fa0fb75,tffcc00,,2014-09-11T12:37:51.525554+02:00,True,2014-09-11T12:23:40.180041+02:00
242,{},morwap,Morwap,Morwap,,False,faa0000,tffffcc,,2014-09-11T12:37:51.526173+02:00,True,2014-09-11T12:23:40.180780+02:00
243,{},mosetenan,Mosetenan,Mosetenan,,False,fcb9a34,f000000,saso,2014-09-11T12:37:51.526745+02:00,True,2014-09-11T12:23:40.181534+02:00
244,{},movima,Movima,Movima,,False,fd22257,f0000ff,saso,2014-09-11T12:37:51.527417+02:00,True,2014-09-11T12:23:40.182259+02:00
245,{},mura,Mura,Mura,,False,fed9c07,f66ff33,mura,2014-09-11T12:37:51.527930+02:00,True,2014-09-11T12:23:40.182971+02:00
246,{},muskogean,Muskogean,Muskogean,,False,fefe305,f9999ff,musk,2014-09-11T12:37:51.528427+02:00,True,2014-09-11T12:23:40.183647+02:00
247,{},nadahup,Nadahup,Nadahup,,False,ff38847,f99ffff,maku,2014-09-11T12:37:51.528894+02:00,True,2014-09-11T12:23:40.184312+02:00
248,{},athapaskan,Athapaskan,Na-Dene,,False,ff3ffb0,faa0000,nadn,2014-09-11T12:37:51.529345+02:00,True,2014-09-11T12:23:40.185042+02:00
249,{},tlingit,Tlingit,Na-Dene,,False,ff3ffb0,fa0fb75,nadn,2014-09-11T12:37:51.529859+02:00,True,2014-09-11T12:23:40.185817+02:00
250,{},eyak,Eyak,Na-Dene,,False,ff3ffb0,fcb9a34,nadn,2014-09-11T12:37:51.530302+02:00,True,2014-09-11T12:23:40.186512+02:00
251,{},nahali,Nahali,Nahali,,False,ffe3856,fd22257,,2014-09-11T12:37:51.530793+02:00,True,2014-09-11T12:23:40.187210+02:00
252,{},lakdargwa,Lak-Dargwa,Nakh-Daghestanian,,False,fff0000,fe8e8e8,ncau,2014-09-11T12:37:51.531268+02:00,True,2014-09-11T12:23:40.187862+02:00
253,{},lezgic,Lezgic,Nakh-Daghestanian,,False,fff0000,fed9c07,ncau,2014-09-11T12:37:51.531734+02:00,True,2014-09-11T12:23:40.188532+02:00
254,{},nakh,Nakh,Nakh-Daghestanian,,False,fff0000,fefe305,ncau,2014-09-11T12:37:51.532199+02:00,True,2014-09-11T12:23:40.189322+02:00
255,{},avarandictsezic,Avar-Andic-Tsezic,Nakh-Daghestanian,,False,fff0000,ff38847,ncau,2014-09-11T12:37:51.532640+02:00,True,2014-09-11T12:23:40.190024+02:00
256,{},nambikuaran,Nambikuaran,Nambikuaran,,False,fff00ff,ff3ffb0,namb,2014-09-11T12:37:51.533088+02:00,True,2014-09-11T12:23:40.190797+02:00
257,{},natchez,Natchez,Natchez,,False,fff4400,ffe3856,,2014-09-11T12:37:51.533668+02:00,True,2014-09-11T12:23:40.191616+02:00
258,{},igboid,Igboid,Niger-Congo,,False,fff66ff,fff00ff,ncon,2014-09-11T12:37:51.534221+02:00,True,2014-09-11T12:23:40.192443+02:00
259,{},easternmande,Eastern Mande,Niger-Congo,,False,fff66ff,fff4400,ncon,2014-09-11T12:37:51.534829+02:00,True,2014-09-11T12:23:40.193233+02:00
260,{},bantoid,Bantoid,Niger-Congo,,False,fff66ff,fff66ff,ncon,2014-09-11T12:37:51.535351+02:00,True,2014-09-11T12:23:40.193873+02:00
261,{},kwa,Kwa,Niger-Congo,,False,fff66ff,fffcc00,ncon,2014-09-11T12:37:51.535894+02:00,True,2014-09-11T12:23:40.194471+02:00
262,{},northernatlantic,Northern Atlantic,Niger-Congo,,False,fff66ff,fffffcc,ncon,2014-09-11T12:37:51.536419+02:00,True,2014-09-11T12:23:40.195187+02:00
263,{},kru,Kru,Niger-Congo,,False,fff66ff,d000000,ncon,2014-09-11T12:37:51.536938+02:00,True,2014-09-11T12:23:40.195849+02:00
264,{},nupoid,Nupoid,Niger-Congo,,False,fff66ff,d0000ff,ncon,2014-09-11T12:37:51.537440+02:00,True,2014-09-11T12:23:40.196580+02:00
265,{},adamawa,Adamawa,Niger-Congo,,False,fff66ff,d4d6cee,ncon,2014-09-11T12:37:51.537913+02:00,True,2014-09-11T12:23:40.197224+02:00
266,{},tegem,Tegem,Niger-Congo,,False,fff66ff,d66ff33,,2014-09-11T12:37:51.538375+02:00,True,2014-09-11T12:23:40.197980+02:00
267,{},talodiproper,Talodi Proper,Niger-Congo,,False,fff66ff,d9999ff,ncon,2014-09-11T12:37:51.538841+02:00,True,2014-09-11T12:23:40.198794+02:00
268,{},rashad,Rashad,Niger-Congo,,False,fff66ff,d99ffff,,2014-09-11T12:37:51.539293+02:00,True,2014-09-11T12:23:40.199472+02:00
269,{},platoid,Platoid,Niger-Congo,,False,fff66ff,da0fb75,ncon,2014-09-11T12:37:51.539739+02:00,True,2014-09-11T12:23:40.200177+02:00
270,{},katlatima,Katla-Tima,Niger-Congo,,False,fff66ff,daa0000,,2014-09-11T12:37:51.540198+02:00,True,2014-09-11T12:23:40.200847+02:00
271,{},heiban,Heiban,Niger-Congo,,False,fff66ff,dcb9a34,ncon,2014-09-11T12:37:51.540643+02:00,True,2014-09-11T12:23:40.201501+02:00
272,{},kainji,Kainji,Niger-Congo,,False,fff66ff,fff0000,ncon,2014-09-11T12:37:51.541081+02:00,True,2014-09-11T12:23:40.202268+02:00
273,{},ubangi,Ubangi,Niger-Congo,,False,fff66ff,dd22257,ncon,2014-09-11T12:37:51.541515+02:00,True,2014-09-11T12:23:40.202991+02:00
274,{},ijoid,Ijoid,Niger-Congo,,False,fff66ff,de8e8e8,ncon,2014-09-11T12:37:51.541945+02:00,True,2014-09-11T12:23:40.203661+02:00
275,{},idomoid,Idomoid,Niger-Congo,,False,fff66ff,ded9c07,ncon,2014-09-11T12:37:51.542380+02:00,True,2014-09-11T12:23:40.204315+02:00
276,{},gur,Gur,Niger-Congo,,False,fff66ff,defe305,ncon,2014-09-11T12:37:51.542922+02:00,True,2014-09-11T12:23:40.204941+02:00
277,{},westernmande,Western Mande,Niger-Congo,,False,fff66ff,df38847,ncon,2014-09-11T12:37:51.543426+02:00,True,2014-09-11T12:23:40.205557+02:00
278,{},crossriver,Cross River,Niger-Congo,,False,fff66ff,df3ffb0,ncon,2014-09-11T12:37:51.543989+02:00,True,2014-09-11T12:23:40.206176+02:00
279,{},defoid,Defoid,Niger-Congo,,False,fff66ff,dfe3856,ncon,2014-09-11T12:37:51.544569+02:00,True,2014-09-11T12:23:40.206902+02:00
280,{},edoid,Edoid,Niger-Congo,,False,fff66ff,dff0000,ncon,2014-09-11T12:37:51.545091+02:00,True,2014-09-11T12:23:40.207521+02:00
281,{},dogon,Dogon,Niger-Congo,,False,fff66ff,dff00ff,ncon,2014-09-11T12:37:51.545635+02:00,True,2014-09-11T12:23:40.208164+02:00
282,{},temein,Temein,Nilo-Saharan,,False,fffcc00,c990099,nsah,2014-09-11T12:37:51.546274+02:00,True,2014-09-11T12:23:40.208803+02:00
283,{},easternjebel,Eastern Jebel,Nilo-Saharan,,False,fffcc00,c00ff00,nsah,2014-09-11T12:37:51.546988+02:00,True,2014-09-11T12:23:40.209436+02:00
284,{},lendu,Lendu,Nilo-Saharan,,False,fffcc00,tffffff,nsah,2014-09-11T12:37:51.547846+02:00,True,2014-09-11T12:23:40.210072+02:00
285,{},koman,Koman,Nilo-Saharan,,False,fffcc00,c009900,nsah,2014-09-11T12:37:51.548562+02:00,True,2014-09-11T12:23:40.210703+02:00
286,{},kresh,Kresh,Nilo-Saharan,,False,fffcc00,t00ff00,nsah,2014-09-11T12:37:51.549273+02:00,True,2014-09-11T12:23:40.211327+02:00
287,{},nyimang,Nyimang,Nilo-Saharan,,False,fffcc00,cdd0000,nsah,2014-09-11T12:37:51.549848+02:00,True,2014-09-11T12:23:40.211688+02:00
288,{},mangbutuefe,Mangbutu-Efe,Nilo-Saharan,,False,fffcc00,cffff00,nsah,2014-09-11T12:37:51.550375+02:00,True,2014-09-11T12:23:40.212522+02:00
289,{},morumadi,Moru-Ma'di,Nilo-Saharan,,False,fffcc00,cffffff,nsah,2014-09-11T12:37:51.550897+02:00,True,2014-09-11T12:23:40.213266+02:00
290,{},bongobagirmi,Bongo-Bagirmi,Nilo-Saharan,,False,fffcc00,c00ffff,nsah,2014-09-11T12:37:51.551348+02:00,True,2014-09-11T12:23:40.213960+02:00
291,{},fur,Fur,Nilo-Saharan,,False,fffcc00,ccccccc,nsah,2014-09-11T12:37:51.551791+02:00,True,2014-09-11T12:23:40.214659+02:00
292,{},nubian,Nubian,Nilo-Saharan,,False,fffcc00,cff6600,nsah,2014-09-11T12:37:51.552281+02:00,True,2014-09-11T12:23:40.215385+02:00
293,{},songhay,Songhay,Nilo-Saharan,,False,fffcc00,tffff00,nsah,2014-09-11T12:37:51.552722+02:00,True,2014-09-11T12:23:40.216132+02:00
294,{},westernsaharan,Western Saharan,Nilo-Saharan,,False,fffcc00,tdd0000,nsah,2014-09-11T12:37:51.553447+02:00,True,2014-09-11T12:23:40.216833+02:00
295,{},shabo,Shabo,Nilo-Saharan,,False,fffcc00,t990099,nsah,2014-09-11T12:37:51.554030+02:00,True,2014-09-11T12:23:40.217617+02:00
296,{},taman,Taman,Nilo-Saharan,,False,fffcc00,t009900,nsah,2014-09-11T12:37:51.554577+02:00,True,2014-09-11T12:23:40.218414+02:00
297,{},easternsaharan,Eastern Saharan,Nilo-Saharan,,False,fffcc00,t0000dd,nsah,2014-09-11T12:37:51.555204+02:00,True,2014-09-11T12:23:40.219248+02:00
298,{},maban,Maban,Nilo-Saharan,,False,fffcc00,sff6600,nsah,2014-09-11T12:37:51.555829+02:00,True,2014-09-11T12:23:40.220048+02:00
299,{},nara,Nara,Nilo-Saharan,,False,fffcc00,scccccc,nsah,2014-09-11T12:37:51.556440+02:00,True,2014-09-11T12:23:40.220834+02:00
300,{},mangbetu,Mangbetu,Nilo-Saharan,,False,fffcc00,s00ffff,nsah,2014-09-11T12:37:51.557043+02:00,True,2014-09-11T12:23:40.221548+02:00
301,{},kuliak,Kuliak,Nilo-Saharan,,False,fffcc00,s00ff00,nsah,2014-09-11T12:37:51.557641+02:00,True,2014-09-11T12:23:40.222217+02:00
302,{},kunama,Kunama,Nilo-Saharan,,False,fffcc00,sffffff,nsah,2014-09-11T12:37:51.558172+02:00,True,2014-09-11T12:23:40.222910+02:00
303,{},daju,Daju,Nilo-Saharan,,False,fffcc00,sffff00,nsah,2014-09-11T12:37:51.558668+02:00,True,2014-09-11T12:23:40.223681+02:00
304,{},berta,Berta,Nilo-Saharan,,False,fffcc00,sdd0000,nsah,2014-09-11T12:37:51.559128+02:00,True,2014-09-11T12:23:40.224399+02:00
305,{},nilotic,Nilotic,Nilo-Saharan,,False,fffcc00,s990099,nsah,2014-09-11T12:37:51.559772+02:00,True,2014-09-11T12:23:40.225041+02:00
306,{},gumuz,Gumuz,Nilo-Saharan,,False,fffcc00,s009900,nsah,2014-09-11T12:37:51.560412+02:00,True,2014-09-11T12:23:40.225673+02:00
307,{},surmic,Surmic,Nilo-Saharan,,False,fffcc00,s0000dd,nsah,2014-09-11T12:37:51.561027+02:00,True,2014-09-11T12:23:40.226298+02:00
308,{},nimboran,Nimboran,Nimboran,,False,fffffcc,t00ffff,trng,2014-09-11T12:37:51.561633+02:00,True,2014-09-11T12:23:40.227106+02:00
309,{},nivkh,Nivkh,Nivkh,,False,d000000,tcccccc,asis,2014-09-11T12:37:51.562236+02:00,True,2014-09-11T12:23:40.227791+02:00
451,{},permic,Permic,Uralic,,False,f990099,s990099,,2014-09-11T12:37:51.633303+02:00,True,2014-09-11T12:23:40.310396+02:00
310,{},northwestcaucasian,Northwest Caucasian,Northwest Caucasian,,False,d0000ff,tff6600,ncau,2014-09-11T12:37:51.562910+02:00,True,2014-09-11T12:23:40.228444+02:00
311,{},oksapmin,Oksapmin,Oksapmin,,False,d4d6cee,f0000dd,,2014-09-11T12:37:51.563607+02:00,True,2014-09-11T12:23:40.229266+02:00
312,{},coosan,Coosan,Oregon Coast,,False,d66ff33,f009900,,2014-09-11T12:37:51.564211+02:00,True,2014-09-11T12:23:40.230025+02:00
313,{},alsea,Alsea,Oregon Coast,,False,d66ff33,fdd0000,,2014-09-11T12:37:51.564724+02:00,True,2014-09-11T12:23:40.230750+02:00
314,{},siuslawan,Siuslawan,Oregon Coast,,False,d66ff33,f990099,,2014-09-11T12:37:51.565213+02:00,True,2014-09-11T12:23:40.231442+02:00
315,{},signlanguages,Sign Languages,other,,False,d9999ff,fffffff,,2014-09-11T12:37:51.565692+02:00,True,2014-09-11T12:23:40.232212+02:00
316,{},creolesandpidgins,Creoles and Pidgins,other,,False,d9999ff,fffff00,afpc,2014-09-11T12:37:51.566168+02:00,True,2014-09-11T12:23:40.232969+02:00
317,{},zapotecan,Zapotecan,Oto-Manguean,,False,d99ffff,dffff00,otma,2014-09-11T12:37:51.566650+02:00,True,2014-09-11T12:23:40.233657+02:00
318,{},subtiabatlapanec,Subtiaba-Tlapanec,Oto-Manguean,,False,d99ffff,ddd0000,subt,2014-09-11T12:37:51.567139+02:00,True,2014-09-11T12:23:40.234348+02:00
319,{},mixtecan,Mixtecan,Oto-Manguean,,False,d99ffff,d990099,otma,2014-09-11T12:37:51.567580+02:00,True,2014-09-11T12:23:40.235137+02:00
320,{},chinantecan,Chinantecan,Oto-Manguean,,False,d99ffff,d009900,otma,2014-09-11T12:37:51.568017+02:00,True,2014-09-11T12:23:40.235731+02:00
321,{},otomian,Otomian,Oto-Manguean,,False,d99ffff,d0000dd,otma,2014-09-11T12:37:51.568490+02:00,True,2014-09-11T12:23:40.236328+02:00
322,{},amuzgoan,Amuzgoan,Oto-Manguean,,False,d99ffff,fff6600,otma,2014-09-11T12:37:51.568952+02:00,True,2014-09-11T12:23:40.237036+02:00
323,{},pamean,Pamean,Oto-Manguean,,False,d99ffff,f00ffff,otma,2014-09-11T12:37:51.569418+02:00,True,2014-09-11T12:23:40.237688+02:00
324,{},popolocan,Popolocan,Oto-Manguean,,False,d99ffff,f00ff00,otma,2014-09-11T12:37:51.569882+02:00,True,2014-09-11T12:23:40.238461+02:00
325,{},chichimec,Chichimec,Oto-Manguean,,False,d99ffff,fcccccc,,2014-09-11T12:37:51.570341+02:00,True,2014-09-11T12:23:40.239244+02:00
326,{},paezan,Páezan,Páezan,,False,da0fb75,dffffff,saso,2014-09-11T12:37:51.570826+02:00,True,2014-09-11T12:23:40.240021+02:00
327,{},panoan,Panoan,Panoan,,False,daa0000,d00ff00,pano,2014-09-11T12:37:51.571255+02:00,True,2014-09-11T12:23:40.240791+02:00
328,{},pebayaguan,Peba-Yaguan,Peba-Yaguan,,False,dcb9a34,d00ffff,pbya,2014-09-11T12:37:51.571680+02:00,True,2014-09-11T12:23:40.241477+02:00
329,{},yokuts,Yokuts,Penutian,,False,dd22257,ca0fb75,,2014-09-11T12:37:51.572108+02:00,True,2014-09-11T12:23:40.242129+02:00
330,{},maiduan,Maiduan,Penutian,,False,dd22257,caa0000,penu,2014-09-11T12:37:51.572607+02:00,True,2014-09-11T12:23:40.242869+02:00
331,{},chinookan,Chinookan,Penutian,,False,dd22257,dcccccc,,2014-09-11T12:37:51.573059+02:00,True,2014-09-11T12:23:40.243496+02:00
332,{},costanoan,Costanoan,Penutian,,False,dd22257,dff6600,,2014-09-11T12:37:51.573489+02:00,True,2014-09-11T12:23:40.244108+02:00
333,{},sahaptian,Sahaptian,Penutian,,False,dd22257,c9999ff,penu,2014-09-11T12:37:51.573925+02:00,True,2014-09-11T12:23:40.244717+02:00
334,{},wintuan,Wintuan,Penutian,,False,dd22257,c99ffff,penu,2014-09-11T12:37:51.574379+02:00,True,2014-09-11T12:23:40.245321+02:00
335,{},miwok,Miwok,Penutian,,False,dd22257,c66ff33,penu,2014-09-11T12:37:51.574838+02:00,True,2014-09-11T12:23:40.245920+02:00
336,{},molala,Molala,Penutian,,False,dd22257,c4d6cee,penu,2014-09-11T12:37:51.575304+02:00,True,2014-09-11T12:23:40.246520+02:00
337,{},tsimshianic,Tsimshianic,Penutian,,False,dd22257,c0000ff,penu,2014-09-11T12:37:51.575872+02:00,True,2014-09-11T12:23:40.247389+02:00
338,{},klamathmodoc,Klamath-Modoc,Penutian,,False,dd22257,c000000,penu,2014-09-11T12:37:51.576505+02:00,True,2014-09-11T12:23:40.248418+02:00
339,{},puinave,Puinave,Puinave,,False,ded9c07,cd22257,saso,2014-09-11T12:37:51.577094+02:00,True,2014-09-11T12:23:40.249143+02:00
340,{},puquina,Puquina,Puquina,,False,defe305,ce8e8e8,,2014-09-11T12:37:51.577637+02:00,True,2014-09-11T12:23:40.249827+02:00
341,{},quechuan,Quechuan,Quechuan,,False,df3ffb0,cefe305,quch,2014-09-11T12:37:51.578162+02:00,True,2014-09-11T12:23:40.250599+02:00
342,{},saliba,Sáliba,Sáliban,,False,dfe3856,cf38847,slvn,2014-09-11T12:37:51.578677+02:00,True,2014-09-11T12:23:40.251272+02:00
343,{},piaroa,Piaroa,Sáliban,,False,dfe3856,cf3ffb0,slvn,2014-09-11T12:37:51.579306+02:00,True,2014-09-11T12:23:40.252119+02:00
344,{},salinan,Salinan,Salinan,,False,dff0000,cfe3856,,2014-09-11T12:37:51.579882+02:00,True,2014-09-11T12:23:40.252940+02:00
345,{},centralsalish,Central Salish,Salishan,,False,dff00ff,cff00ff,sali,2014-09-11T12:37:51.580413+02:00,True,2014-09-11T12:23:40.253682+02:00
346,{},tillamook,Tillamook,Salishan,,False,dff00ff,cff4400,,2014-09-11T12:37:51.580917+02:00,True,2014-09-11T12:23:40.254388+02:00
347,{},interiorsalish,Interior Salish,Salishan,,False,dff00ff,cff66ff,sali,2014-09-11T12:37:51.581407+02:00,True,2014-09-11T12:23:40.255073+02:00
348,{},bellacoola,Bella Coola,Salishan,,False,dff00ff,cffcc00,sali,2014-09-11T12:37:51.581890+02:00,True,2014-09-11T12:23:40.255656+02:00
349,{},tsamosan,Tsamosan,Salishan,,False,dff00ff,cff0000,sali,2014-09-11T12:37:51.582367+02:00,True,2014-09-11T12:23:40.256322+02:00
350,{},senagi,Senagi,Senagi,,False,dff4400,cffffcc,trng,2014-09-11T12:37:51.582883+02:00,True,2014-09-11T12:23:40.257018+02:00
351,{},sentani,Sentani,Sentani,,False,dff66ff,s000000,trng,2014-09-11T12:37:51.583327+02:00,True,2014-09-11T12:23:40.257701+02:00
352,{},uppersepik,Upper Sepik,Sepik,,False,dffcc00,sa0fb75,sepr,2014-09-11T12:37:51.583778+02:00,True,2014-09-11T12:23:40.258354+02:00
353,{},middlesepik,Middle Sepik,Sepik,,False,dffcc00,s66ff33,sepr,2014-09-11T12:37:51.584271+02:00,True,2014-09-11T12:23:40.259139+02:00
354,{},ram,Ram,Sepik,,False,dffcc00,s0000ff,sepr,2014-09-11T12:37:51.584759+02:00,True,2014-09-11T12:23:40.259897+02:00
355,{},sepikhill,Sepik Hill,Sepik,,False,dffcc00,s9999ff,sepr,2014-09-11T12:37:51.585193+02:00,True,2014-09-11T12:23:40.260568+02:00
356,{},tamasepik,Tama Sepik,Sepik,,False,dffcc00,s99ffff,sepr,2014-09-11T12:37:51.585621+02:00,True,2014-09-11T12:23:40.261202+02:00
357,{},yellowriver,Yellow River,Sepik,,False,dffcc00,s4d6cee,sepr,2014-09-11T12:37:51.586047+02:00,True,2014-09-11T12:23:40.261846+02:00
358,{},shompen,Shompen,Shompen,,False,dffffcc,saa0000,,2014-09-11T12:37:51.586505+02:00,True,2014-09-11T12:23:40.262467+02:00
359,{},westernarunachal,Western Arunachal,Sino-Tibetan,,False,c0000dd,t66ff33,,2014-09-11T12:37:51.586951+02:00,True,2014-09-11T12:23:40.263110+02:00
360,{},chinese,Chinese,Sino-Tibetan,,False,c0000dd,sfe3856,sitb,2014-09-11T12:37:51.587412+02:00,True,2014-09-11T12:23:40.263729+02:00
361,{},digaroan,Digaroan,Sino-Tibetan,,False,c0000dd,t9999ff,,2014-09-11T12:37:51.587868+02:00,True,2014-09-11T12:23:40.264340+02:00
362,{},karen,Karen,Sino-Tibetan,,False,c0000dd,t4d6cee,sitb,2014-09-11T12:37:51.588322+02:00,True,2014-09-11T12:23:40.265004+02:00
363,{},lepcha,Lepcha,Sino-Tibetan,,False,c0000dd,sf3ffb0,sitb,2014-09-11T12:37:51.588775+02:00,True,2014-09-11T12:23:40.265777+02:00
364,{},burmeselolo,Burmese-Lolo,Sino-Tibetan,,False,c0000dd,sf38847,sitb,2014-09-11T12:37:51.589227+02:00,True,2014-09-11T12:23:40.266497+02:00
365,{},bai,Bai,Sino-Tibetan,,False,c0000dd,sefe305,sitb,2014-09-11T12:37:51.589681+02:00,True,2014-09-11T12:23:40.267258+02:00
366,{},tani,Tani,Sino-Tibetan,,False,c0000dd,sed9c07,sitb,2014-09-11T12:37:51.590132+02:00,True,2014-09-11T12:23:40.267952+02:00
367,{},bodogaro,Bodo-Garo,Sino-Tibetan,,False,c0000dd,se8e8e8,sitb,2014-09-11T12:37:51.590700+02:00,True,2014-09-11T12:23:40.268824+02:00
368,{},naxi,Naxi,Sino-Tibetan,,False,c0000dd,sd22257,sitb,2014-09-11T12:37:51.591182+02:00,True,2014-09-11T12:23:40.269462+02:00
369,{},nungish,Nungish,Sino-Tibetan,,False,c0000dd,scb9a34,,2014-09-11T12:37:51.591610+02:00,True,2014-09-11T12:23:40.270167+02:00
370,{},kukichin,Kuki-Chin,Sino-Tibetan,,False,c0000dd,t0000ff,sitb,2014-09-11T12:37:51.592037+02:00,True,2014-09-11T12:23:40.270972+02:00
371,{},qiangic,Qiangic,Sino-Tibetan,,False,c0000dd,t000000,,2014-09-11T12:37:51.592463+02:00,True,2014-09-11T12:23:40.271740+02:00
372,{},northernnaga,Northern Naga,Sino-Tibetan,,False,c0000dd,sffffcc,sitb,2014-09-11T12:37:51.592919+02:00,True,2014-09-11T12:23:40.272503+02:00
373,{},bodic,Bodic,Sino-Tibetan,,False,c0000dd,sffcc00,sitb,2014-09-11T12:37:51.593350+02:00,True,2014-09-11T12:23:40.273186+02:00
374,{},rgyalrong,rGyalrong,Sino-Tibetan,,False,c0000dd,sff66ff,sitb,2014-09-11T12:37:51.593865+02:00,True,2014-09-11T12:23:40.273841+02:00
375,{},siouan,Siouan,Siouan,,False,c009900,t99ffff,siou,2014-09-11T12:37:51.594459+02:00,True,2014-09-11T12:23:40.274494+02:00
376,{},westernskou,Western Skou,Skou,,False,c990099,td22257,skoo,2014-09-11T12:37:51.595090+02:00,True,2014-09-11T12:23:40.275146+02:00
377,{},serrahills,Serra Hills,Skou,,False,c990099,ta0fb75,,2014-09-11T12:37:51.595605+02:00,True,2014-09-11T12:23:40.275763+02:00
378,{},warapu,Warapu,Skou,,False,c990099,taa0000,,2014-09-11T12:37:51.596104+02:00,True,2014-09-11T12:23:40.276372+02:00
379,{},krisa,Krisa,Skou,,False,c990099,tcb9a34,skoo,2014-09-11T12:37:51.596700+02:00,True,2014-09-11T12:23:40.277043+02:00
380,{},lavukaleve,Lavukaleve,Solomons East Papuan,,False,cdd0000,ted9c07,epap,2014-09-11T12:37:51.597248+02:00,True,2014-09-11T12:23:40.277643+02:00
381,{},savosavo,Savosavo,Solomons East Papuan,,False,cdd0000,tefe305,epap,2014-09-11T12:37:51.597794+02:00,True,2014-09-11T12:23:40.278238+02:00
382,{},bilua,Bilua,Solomons East Papuan,,False,cdd0000,te8e8e8,epap,2014-09-11T12:37:51.598395+02:00,True,2014-09-11T12:23:40.279102+02:00
383,{},southandamanese,South Andamanese,South Andamanese,,False,cffff00,tf38847,anda,2014-09-11T12:37:51.598904+02:00,True,2014-09-11T12:23:40.279875+02:00
384,{},sulka,Sulka,Sulka,,False,cffffff,tf3ffb0,,2014-09-11T12:37:51.599449+02:00,True,2014-09-11T12:23:40.280669+02:00
385,{},sulung,Sulung,Sulung,,False,c00ff00,tfe3856,,2014-09-11T12:37:51.600072+02:00,True,2014-09-11T12:23:40.281307+02:00
386,{},tacame,Tacame,Tacame,,False,c00ffff,tff0000,,2014-09-11T12:37:51.600644+02:00,True,2014-09-11T12:23:40.281813+02:00
387,{},tacanan,Tacanan,Tacanan,,False,ccccccc,tff00ff,taca,2014-09-11T12:37:51.601167+02:00,True,2014-09-11T12:23:40.282315+02:00
388,{},kamtai,Kam-Tai,Tai-Kadai,,False,cff6600,tffcc00,taik,2014-09-11T12:37:51.601652+02:00,True,2014-09-11T12:23:40.282950+02:00
389,{},kadai,Kadai,Tai-Kadai,,False,cff6600,tff4400,taik,2014-09-11T12:37:51.602131+02:00,True,2014-09-11T12:23:40.283703+02:00
390,{},hlai,Hlai,Tai-Kadai,,False,cff6600,tff66ff,,2014-09-11T12:37:51.602803+02:00,True,2014-09-11T12:23:40.284433+02:00
391,{},takelma,Takelma,Takelma,,False,s0000dd,tffffcc,,2014-09-11T12:37:51.603347+02:00,True,2014-09-11T12:23:40.285153+02:00
392,{},tarascan,Tarascan,Tarascan,,False,s009900,f000000,tara,2014-09-11T12:37:51.603924+02:00,True,2014-09-11T12:23:40.285864+02:00
393,{},tasmanian,Tasmanian,Tasmanian,,False,s990099,f0000ff,,2014-09-11T12:37:51.604486+02:00,True,2014-09-11T12:23:40.286588+02:00
394,{},taushiro,Taushiro,Taushiro,,False,sdd0000,f4d6cee,saso,2014-09-11T12:37:51.605007+02:00,True,2014-09-11T12:23:40.287350+02:00
395,{},teberan,Teberan,Teberan-Pawaian,,False,sffff00,f9999ff,trng,2014-09-11T12:37:51.605512+02:00,True,2014-09-11T12:23:40.288115+02:00
396,{},pawaian,Pawaian,Teberan-Pawaian,,False,sffff00,f66ff33,,2014-09-11T12:37:51.606071+02:00,True,2014-09-11T12:23:40.288831+02:00
397,{},tequistlatecan,Tequistlatecan,Tequistlatecan,,False,sffffff,f99ffff,,2014-09-11T12:37:51.606621+02:00,True,2014-09-11T12:23:40.289544+02:00
398,{},ticuna,Ticuna,Ticuna,,False,s00ff00,fa0fb75,saso,2014-09-11T12:37:51.607175+02:00,True,2014-09-11T12:23:40.290312+02:00
399,{},kolanatanglapui,Kolana-Tanglapui,Timor-Alor-Pantar,,False,s00ffff,faa0000,,2014-09-11T12:37:51.607785+02:00,True,2014-09-11T12:23:40.291047+02:00
400,{},makasaefatalukuoirata,Makasae-Fataluku-Oirata,Timor-Alor-Pantar,,False,s00ffff,fcb9a34,,2014-09-11T12:37:51.608395+02:00,True,2014-09-11T12:23:40.291771+02:00
401,{},greateralor,Greater Alor,Timor-Alor-Pantar,,False,s00ffff,fd22257,trng,2014-09-11T12:37:51.608931+02:00,True,2014-09-11T12:23:40.292490+02:00
402,{},timotecuica,Timote-Cuica,Timote-Cuica,,False,scccccc,fe8e8e8,,2014-09-11T12:37:51.609445+02:00,True,2014-09-11T12:23:40.293204+02:00
403,{},timucua,Timucua,Timucua,,False,sff6600,fed9c07,,2014-09-11T12:37:51.609946+02:00,True,2014-09-11T12:23:40.293919+02:00
404,{},tol,Tol,Tol,,False,t009900,ff38847,cais,2014-09-11T12:37:51.610441+02:00,True,2014-09-11T12:23:40.294627+02:00
405,{},tonkawa,Tonkawa,Tonkawa,,False,t990099,ff3ffb0,coah,2014-09-11T12:37:51.610941+02:00,True,2014-09-11T12:23:40.295362+02:00
406,{},orya,Orya,Tor-Orya,,False,tdd0000,ffe3856,,2014-09-11T12:37:51.611398+02:00,True,2014-09-11T12:23:40.296174+02:00
407,{},tor,Tor,Tor-Orya,,False,tdd0000,fff0000,,2014-09-11T12:37:51.611853+02:00,True,2014-09-11T12:23:40.297281+02:00
408,{},urim,Urim,Torricelli,,False,tffff00,fff4400,,2014-09-11T12:37:51.612335+02:00,True,2014-09-11T12:23:40.298282+02:00
409,{},marienberg,Marienberg,Torricelli,,False,tffff00,fff66ff,torr,2014-09-11T12:37:51.612769+02:00,True,2014-09-11T12:23:40.299017+02:00
410,{},westwapei,West Wapei,Torricelli,,False,tffff00,fffcc00,,2014-09-11T12:37:51.613238+02:00,True,2014-09-11T12:23:40.299304+02:00
411,{},kombioarapesh,Kombio-Arapesh,Torricelli,,False,tffff00,fff00ff,torr,2014-09-11T12:37:51.613697+02:00,True,2014-09-11T12:23:40.299559+02:00
412,{},wapeipalei,Wapei-Palei,Torricelli,,False,tffff00,fffffcc,torr,2014-09-11T12:37:51.614157+02:00,True,2014-09-11T12:23:40.299833+02:00
413,{},totonacan,Totonacan,Totonacan,,False,tffffff,d000000,toto,2014-09-11T12:37:51.614693+02:00,True,2014-09-11T12:23:40.300089+02:00
414,{},easternhighlands,Eastern Highlands,Trans-New Guinea,,False,t00ff00,d4d6cee,trng,2014-09-11T12:37:51.615251+02:00,True,2014-09-11T12:23:40.300366+02:00
415,{},duna,Duna,Trans-New Guinea,,False,t00ff00,d66ff33,,2014-09-11T12:37:51.615716+02:00,True,2014-09-11T12:23:40.300624+02:00
416,{},dani,Dani,Trans-New Guinea,,False,t00ff00,d9999ff,trng,2014-09-11T12:37:51.616141+02:00,True,2014-09-11T12:23:40.300878+02:00
417,{},engan,Engan,Trans-New Guinea,,False,t00ff00,d99ffff,trng,2014-09-11T12:37:51.616565+02:00,True,2014-09-11T12:23:40.301131+02:00
418,{},finisterrehuon,Finisterre-Huon,Trans-New Guinea,,False,t00ff00,da0fb75,trng,2014-09-11T12:37:51.617012+02:00,True,2014-09-11T12:23:40.301386+02:00
419,{},goilalan,Goilalan,Trans-New Guinea,,False,t00ff00,daa0000,trng,2014-09-11T12:37:51.617465+02:00,True,2014-09-11T12:23:40.301640+02:00
420,{},wissellakeskemandoga,Wissel Lakes-Kemandoga,Trans-New Guinea,,False,t00ff00,dcb9a34,trng,2014-09-11T12:37:51.618018+02:00,True,2014-09-11T12:23:40.301901+02:00
421,{},madang,Madang,Trans-New Guinea,,False,t00ff00,dd22257,trng,2014-09-11T12:37:51.618525+02:00,True,2014-09-11T12:23:40.302155+02:00
422,{},chimbu,Chimbu,Trans-New Guinea,,False,t00ff00,de8e8e8,trng,2014-09-11T12:37:51.619010+02:00,True,2014-09-11T12:23:40.302407+02:00
423,{},koiarian,Koiarian,Trans-New Guinea,,False,t00ff00,ded9c07,trng,2014-09-11T12:37:51.619490+02:00,True,2014-09-11T12:23:40.302660+02:00
424,{},fasu,Fasu,Trans-New Guinea,,False,t00ff00,defe305,trng,2014-09-11T12:37:51.620031+02:00,True,2014-09-11T12:23:40.302917+02:00
425,{},ok,Ok,Trans-New Guinea,,False,t00ff00,df3ffb0,trng,2014-09-11T12:37:51.620647+02:00,True,2014-09-11T12:23:40.303172+02:00
426,{},binanderean,Binanderean,Trans-New Guinea,,False,t00ff00,dfe3856,trng,2014-09-11T12:37:51.621222+02:00,True,2014-09-11T12:23:40.303424+02:00
427,{},momuna,Momuna,Trans-New Guinea,,False,t00ff00,dff0000,,2014-09-11T12:37:51.621787+02:00,True,2014-09-11T12:23:40.303676+02:00
428,{},kutubuan,Kutubuan,Trans-New Guinea,,False,t00ff00,dff00ff,,2014-09-11T12:37:51.622314+02:00,True,2014-09-11T12:23:40.303927+02:00
429,{},awjudumut,Awju-Dumut,Trans-New Guinea,,False,t00ff00,dff4400,trng,2014-09-11T12:37:51.622828+02:00,True,2014-09-11T12:23:40.304182+02:00
430,{},mek,Mek,Trans-New Guinea,,False,t00ff00,dff66ff,,2014-09-11T12:37:51.623345+02:00,True,2014-09-11T12:23:40.304434+02:00
431,{},asmatkamoro,Asmat-Kamoro,Trans-New Guinea,,False,t00ff00,dffcc00,trng,2014-09-11T12:37:51.623841+02:00,True,2014-09-11T12:23:40.304685+02:00
432,{},mairasitanahmerah,Mairasi-Tanahmerah,Trans-New Guinea,,False,t00ff00,c0000dd,,2014-09-11T12:37:51.624332+02:00,True,2014-09-11T12:23:40.304935+02:00
433,{},angan,Angan,Trans-New Guinea,,False,t00ff00,dffffcc,trng,2014-09-11T12:37:51.624851+02:00,True,2014-09-11T12:23:40.305190+02:00
434,{},mailuan,Mailuan,Trans-New Guinea,,False,t00ff00,d0000ff,,2014-09-11T12:37:51.625355+02:00,True,2014-09-11T12:23:40.305440+02:00
435,{},trumai,Trumai,Trumai,,False,t00ffff,c009900,saso,2014-09-11T12:37:51.625824+02:00,True,2014-09-11T12:23:40.305690+02:00
436,{},tucanoan,Tucanoan,Tucanoan,,False,tcccccc,c990099,tucn,2014-09-11T12:37:51.626411+02:00,True,2014-09-11T12:23:40.305940+02:00
437,{},tunica,Tunica,Tunica,,False,tff6600,cdd0000,gulf,2014-09-11T12:37:51.626944+02:00,True,2014-09-11T12:23:40.306192+02:00
438,{},tupari,Tupari,Tupian,,False,f0000dd,c00ff00,tupi,2014-09-11T12:37:51.627488+02:00,True,2014-09-11T12:23:40.306442+02:00
439,{},monde,Monde,Tupian,,False,f0000dd,c00ffff,tupi,2014-09-11T12:37:51.627962+02:00,True,2014-09-11T12:23:40.306694+02:00
440,{},ramarama,Ramarama,Tupian,,False,f0000dd,ccccccc,tupi,2014-09-11T12:37:51.628429+02:00,True,2014-09-11T12:23:40.307130+02:00
441,{},tupiguarani,Tupi-Guaraní,Tupian,,False,f0000dd,cff6600,tupi,2014-09-11T12:37:51.628893+02:00,True,2014-09-11T12:23:40.307528+02:00
442,{},arikem,Arikem,Tupian,,False,f0000dd,s0000dd,tupi,2014-09-11T12:37:51.629356+02:00,True,2014-09-11T12:23:40.307910+02:00
443,{},munduruku,Munduruku,Tupian,,False,f0000dd,cffff00,tupi,2014-09-11T12:37:51.629816+02:00,True,2014-09-11T12:23:40.308284+02:00
444,{},turamakikorian,Turama-Kikorian,Turama-Kikorian,,False,f009900,s009900,,2014-09-11T12:37:51.630245+02:00,True,2014-09-11T12:23:40.308550+02:00
445,{},saami,Saami,Uralic,,False,f990099,scccccc,urlc,2014-09-11T12:37:51.630674+02:00,True,2014-09-11T12:23:40.308805+02:00
446,{},samoyedic,Samoyedic,Uralic,,False,f990099,s00ffff,urlc,2014-09-11T12:37:51.631102+02:00,True,2014-09-11T12:23:40.309061+02:00
447,{},ugric,Ugric,Uralic,,False,f990099,s00ff00,urlc,2014-09-11T12:37:51.631531+02:00,True,2014-09-11T12:23:40.309315+02:00
448,{},finnic,Finnic,Uralic,,False,f990099,sffffff,urlc,2014-09-11T12:37:51.631954+02:00,True,2014-09-11T12:23:40.309570+02:00
449,{},mari,Mari,Uralic,,False,f990099,sffff00,urlc,2014-09-11T12:37:51.632403+02:00,True,2014-09-11T12:23:40.309825+02:00
450,{},mordvin,Mordvin,Uralic,,False,f990099,sdd0000,,2014-09-11T12:37:51.632852+02:00,True,2014-09-11T12:23:40.310139+02:00
452,{},urarina,Urarina,Urarina,,False,fdd0000,sff6600,saso,2014-09-11T12:37:51.633756+02:00,True,2014-09-11T12:23:40.310653+02:00
453,{},uruchipaya,Uru-Chipaya,Uru-Chipaya,,False,fffff00,t0000dd,urch,2014-09-11T12:37:51.634280+02:00,True,2014-09-11T12:23:40.310922+02:00
454,{},corachol,Corachol,Uto-Aztecan,,False,fffffff,f0000dd,utaz,2014-09-11T12:37:51.634821+02:00,True,2014-09-11T12:23:40.311176+02:00
455,{},tubar,Tubar,Uto-Aztecan,,False,fffffff,tff6600,,2014-09-11T12:37:51.635416+02:00,True,2014-09-11T12:23:40.311433+02:00
456,{},hopi,Hopi,Uto-Aztecan,,False,fffffff,tcccccc,utaz,2014-09-11T12:37:51.635959+02:00,True,2014-09-11T12:23:40.311684+02:00
457,{},takic,Takic,Uto-Aztecan,,False,fffffff,t00ffff,utaz,2014-09-11T12:37:51.636445+02:00,True,2014-09-11T12:23:40.311936+02:00
458,{},cahita,Cahita,Uto-Aztecan,,False,fffffff,t00ff00,utaz,2014-09-11T12:37:51.636943+02:00,True,2014-09-11T12:23:40.312189+02:00
459,{},aztecan,Aztecan,Uto-Aztecan,,False,fffffff,tdd0000,utaz,2014-09-11T12:37:51.637449+02:00,True,2014-09-11T12:23:40.312453+02:00
460,{},numic,Numic,Uto-Aztecan,,False,fffffff,tffffff,utaz,2014-09-11T12:37:51.637939+02:00,True,2014-09-11T12:23:40.313041+02:00
461,{},tepiman,Tepiman,Uto-Aztecan,,False,fffffff,tffff00,utaz,2014-09-11T12:37:51.638420+02:00,True,2014-09-11T12:23:40.313639+02:00
462,{},tarahumaran,Tarahumaran,Uto-Aztecan,,False,fffffff,t990099,utaz,2014-09-11T12:37:51.638921+02:00,True,2014-09-11T12:23:40.314235+02:00
463,{},tubatulabal,Tubatulabal,Uto-Aztecan,,False,fffffff,t009900,,2014-09-11T12:37:51.639399+02:00,True,2014-09-11T12:23:40.314835+02:00
464,{},southernwakashan,Southern Wakashan,Wakashan,,False,f00ffff,fdd0000,waka,2014-09-11T12:37:51.639871+02:00,True,2014-09-11T12:23:40.315403+02:00
465,{},northernwakashan,Northern Wakashan,Wakashan,,False,f00ffff,f990099,waka,2014-09-11T12:37:51.640358+02:00,True,2014-09-11T12:23:40.315970+02:00
466,{},waorani,Waorani,Waorani,,False,fcccccc,fffff00,saso,2014-09-11T12:37:51.640833+02:00,True,2014-09-11T12:23:40.316518+02:00
467,{},yukian,Yukian,Wappo-Yukian,,False,fff6600,fffffff,yuki,2014-09-11T12:37:51.641263+02:00,True,2014-09-11T12:23:40.317178+02:00
468,{},wappo,Wappo,Wappo-Yukian,,False,fff6600,f00ff00,yuki,2014-09-11T12:37:51.641692+02:00,True,2014-09-11T12:23:40.317796+02:00
469,{},warao,Warao,Warao,,False,d0000dd,f00ffff,saso,2014-09-11T12:37:51.642118+02:00,True,2014-09-11T12:23:40.318458+02:00
470,{},washo,Washo,Washo,,False,d009900,fcccccc,hoka,2014-09-11T12:37:51.642575+02:00,True,2014-09-11T12:23:40.319159+02:00
471,{},westbomberai,West Bomberai,West Bomberai,,False,d990099,fff6600,,2014-09-11T12:37:51.643028+02:00,True,2014-09-11T12:23:40.319773+02:00
472,{},westbougainville,West Bougainville,West Bougainville,,False,ddd0000,d0000dd,epap,2014-09-11T12:37:51.643471+02:00,True,2014-09-11T12:23:40.320063+02:00
473,{},westernfly,Western Fly,Western Fly,,False,dffff00,d009900,,2014-09-11T12:37:51.643900+02:00,True,2014-09-11T12:23:40.320658+02:00
474,{},westbirdshead,West Bird's Head,West Papuan,,False,dffffff,d00ff00,,2014-09-11T12:37:51.644364+02:00,True,2014-09-11T12:23:40.321342+02:00
475,{},kebar,Kebar,West Papuan,,False,dffffff,dffffff,,2014-09-11T12:37:51.644895+02:00,True,2014-09-11T12:23:40.322030+02:00
476,{},northcentralbirdshead,North-Central Bird's Head,West Papuan,,False,dffffff,dffff00,wpap,2014-09-11T12:37:51.645443+02:00,True,2014-09-11T12:23:40.322713+02:00
477,{},northhalmaheran,North Halmaheran,West Papuan,,False,dffffff,ddd0000,wpap,2014-09-11T12:37:51.645986+02:00,True,2014-09-11T12:23:40.323384+02:00
478,{},hatam,Hatam,West Papuan,,False,dffffff,d990099,,2014-09-11T12:37:51.646524+02:00,True,2014-09-11T12:23:40.323675+02:00
479,{},yale,Yale,Yale,,False,d00ff00,d00ffff,,2014-09-11T12:37:51.647093+02:00,True,2014-09-11T12:23:40.323942+02:00
480,{},yamana,Yámana,Yámana,,False,d00ffff,dcccccc,saso,2014-09-11T12:37:51.647627+02:00,True,2014-09-11T12:23:40.324343+02:00
481,{},yanomam,Yanomam,Yanomam,,False,dcccccc,dff6600,yano,2014-09-11T12:37:51.648161+02:00,True,2014-09-11T12:23:40.324954+02:00
482,{},yareban,Yareban,Yareban,,False,dff6600,c000000,trng,2014-09-11T12:37:51.648691+02:00,True,2014-09-11T12:23:40.325562+02:00
483,{},yaruro,Yaruro,Yaruro,,False,c000000,c0000ff,saun,2014-09-11T12:37:51.649218+02:00,True,2014-09-11T12:23:40.326133+02:00
484,{},yawa,Yawa,Yawa,,False,c0000ff,c4d6cee,geba,2014-09-11T12:37:51.649747+02:00,True,2014-09-11T12:23:40.326704+02:00
485,{},yele,Yele,Yele,,False,c4d6cee,c66ff33,,2014-09-11T12:37:51.650271+02:00,True,2014-09-11T12:23:40.327266+02:00
486,{},yeniseian,Yeniseian,Yeniseian,,False,c66ff33,c9999ff,yeos,2014-09-11T12:37:51.650822+02:00,True,2014-09-11T12:23:40.327809+02:00
487,{},yuchi,Yuchi,Yuchi,,False,c9999ff,c99ffff,nais,2014-09-11T12:37:51.651347+02:00,True,2014-09-11T12:23:40.328377+02:00
488,{},yukaghir,Yukaghir,Yukaghir,,False,c99ffff,ca0fb75,yuka,2014-09-11T12:37:51.651874+02:00,True,2014-09-11T12:23:40.328971+02:00
489,{},yuracare,Yuracare,Yuracare,,False,ca0fb75,caa0000,saso,2014-09-11T12:37:51.652397+02:00,True,2014-09-11T12:23:40.329540+02:00
490,{},yurimangi,Yurimangí,Yurimangí,,False,caa0000,ccb9a34,,2014-09-11T12:37:51.652919+02:00,True,2014-09-11T12:23:40.330087+02:00
491,{},zamucoan,Zamucoan,Zamucoan,,False,cd22257,ce8e8e8,zamu,2014-09-11T12:37:51.653458+02:00,True,2014-09-11T12:23:40.330528+02:00
492,{},zaparoan,Zaparoan,Zaparoan,,False,ce8e8e8,ced9c07,zapa,2014-09-11T12:37:51.653982+02:00,True,2014-09-11T12:23:40.331091+02:00
493,{},zuni,Zuni,Zuni,,False,ced9c07,cefe305,nais,2014-09-11T12:37:51.654507+02:00,True,2014-09-11T12:23:40.331620+02:00
494,{},jinghpo,Jingpho,Sino-Tibetan,,False,c0000dd,sff4400,sitb,2014-09-11T12:37:51.655136+02:00,True,2014-09-11T12:23:40.332249+02:00
495,{},upperyuat,Piawi,Piawi,,False,de8e8e8,ccb9a34,,2014-09-11T12:37:51.655656+02:00,True,2014-09-11T12:23:40.332880+02:00
496,{},dhimalic,Dhimalic,Sino-Tibetan,,False,c0000dd,sff00ff,,2014-09-11T12:37:51.656276+02:00,True,2014-09-11T12:23:40.333558+02:00
497,{},mahakiranti,Mahakiranti,Sino-Tibetan,,False,c0000dd,sff0000,,2014-09-11T12:37:51.656793+02:00,True,2014-09-11T12:23:40.334148+02:00
498,{},greatercentralphilippine,Greater Central Philippine,Austronesian,,False,sffff00,taa0000,anes,2014-09-11T12:37:51.657304+02:00,True,2014-09-11T12:23:40.334642+02:00
499,{},northernluzon,Northern Luzon,Austronesian,,False,sffff00,tcb9a34,anes,2014-09-11T12:37:51.657778+02:00,True,2014-09-11T12:23:40.335146+02:00
500,{},centralluzon,Central Luzon,Austronesian,,False,sffff00,td22257,anes,2014-09-11T12:37:51.658238+02:00,True,2014-09-11T12:23:40.335610+02:00
501,{},batanic,Batanic,Austronesian,,False,sffff00,te8e8e8,anes,2014-09-11T12:37:51.658694+02:00,True,2014-09-11T12:23:40.336069+02:00
502,{},bilic,Bilic,Austronesian,,False,sffff00,ted9c07,anes,2014-09-11T12:37:51.659180+02:00,True,2014-09-11T12:23:40.336508+02:00
503,{},northborneo,North Borneo,Austronesian,,False,sffff00,tefe305,anes,2014-09-11T12:37:51.659721+02:00,True,2014-09-11T12:23:40.336942+02:00
504,{},malayosumbawan,Malayo-Sumbawan,Austronesian,,False,sffff00,tf38847,anes,2014-09-11T12:37:51.660264+02:00,True,2014-09-11T12:23:40.337424+02:00
505,{},enggano,Enggano,Austronesian,,False,sffff00,tf3ffb0,,2014-09-11T12:37:51.660766+02:00,True,2014-09-11T12:23:40.337905+02:00
506,{},northwestsumatrabarrierislands,Northwest Sumatra-Barrier Islands,Austronesian,,False,sffff00,tfe3856,anes,2014-09-11T12:37:51.661224+02:00,True,2014-09-11T12:23:40.338355+02:00
507,{},rukai,Rukai,Austronesian,,False,sffff00,tff0000,,2014-09-11T12:37:51.661684+02:00,True,2014-09-11T12:23:40.338984+02:00
508,{},minahasan,Minahasan,Austronesian,,False,sffff00,tff00ff,,2014-09-11T12:37:51.662124+02:00,True,2014-09-11T12:23:40.339601+02:00
509,{},sangiric,Sangiric,Austronesian,,False,sffff00,tff4400,,2014-09-11T12:37:51.662567+02:00,True,2014-09-11T12:23:40.340246+02:00
510,{},southsulawesi,South Sulawesi,Austronesian,,False,sffff00,tff66ff,,2014-09-11T12:37:51.663106+02:00,True,2014-09-11T12:23:40.340967+02:00
511,{},celebic,Celebic,Austronesian,,False,sffff00,tffcc00,anes,2014-09-11T12:37:51.663680+02:00,True,2014-09-11T12:23:40.341744+02:00
512,{},moraori,Moraori,Moraori,,False,f99ffff,tff66ff,,2014-09-11T12:37:51.664198+02:00,True,2014-09-11T12:23:40.342465+02:00
513,{},aikana,Aikaná,Aikaná,,False,c009900,sffff00,,2014-09-11T12:37:51.664682+02:00,True,2014-09-11T12:23:40.343162+02:00
514,{},iranxe,Iranxe,Iranxe,,False,s000000,d00ff00,,2014-09-11T12:37:51.665155+02:00,True,2014-09-11T12:23:40.343836+02:00
515,{},northernarawakan,Northern Arawakan,Arawakan,,False,s0000dd,tcccccc,,2014-09-11T12:37:51.665614+02:00,True,2014-09-11T12:23:40.344490+02:00
516,{},westernarawakan,Western Arawakan,Arawakan,,False,s0000dd,fdd0000,,2014-09-11T12:37:51.666088+02:00,True,2014-09-11T12:23:40.345157+02:00
517,{},centralarawakan,Central Arawakan,Arawakan,,False,s0000dd,t00ffff,,2014-09-11T12:37:51.666561+02:00,True,2014-09-11T12:23:40.345797+02:00
518,{},easternarawakan,Eastern Arawakan,Arawakan,,False,s0000dd,fffff00,,2014-09-11T12:37:51.667013+02:00,True,2014-09-11T12:23:40.346464+02:00
519,{},purus,Purus,Arawakan,,False,s0000dd,f0000dd,,2014-09-11T12:37:51.667568+02:00,True,2014-09-11T12:23:40.347156+02:00
520,{},boliviaparana,Bolivia-Parana,Arawakan,,False,s0000dd,f990099,,2014-09-11T12:37:51.668143+02:00,True,2014-09-11T12:23:40.347816+02:00
521,{},preandinearawakan,Pre-Andine Arawakan,Arawakan,,False,s0000dd,tff6600,,2014-09-11T12:37:51.668721+02:00,True,2014-09-11T12:23:40.348448+02:00
522,{},gbayamanzangbaka,Gbaya-Manza-Ngbaka,Niger-Congo,,False,fff66ff,dff4400,,2014-09-11T12:37:51.669300+02:00,True,2014-09-11T12:23:40.349111+02:00
523,{},dizoid,Dizoid,Afro-Asiatic,,False,c0000dd,s009900,,2014-09-11T12:37:51.669936+02:00,True,2014-09-11T12:23:40.349574+02:00
524,{},eastformosan,East Formosan,Austronesian,,False,sffff00,tffffcc,,2014-09-11T12:37:51.670454+02:00,True,2014-09-11T12:23:40.350226+02:00
525,{},westernplainsaustronesian,Western Plains Austronesian,Austronesian,,False,sffff00,t4d6cee,,2014-09-11T12:37:51.670955+02:00,True,2014-09-11T12:23:40.350878+02:00
526,{},southernatlantic,Mel,Niger-Congo,,False,fff66ff,dff66ff,ncon,2014-09-11T12:37:51.671439+02:00,True,2014-09-11T12:23:40.351530+02:00
527,{},arawakan,Arawakan,Arawakan,,False,s0000dd,f009900,arwk,2014-09-11T12:37:51.671917+02:00,False,2014-09-11T12:23:40.352965+02:00
528,{},transnewguinea,Trans-New Guinea,Trans-New Guinea,,False,t00ff00,df38847,trng,2014-09-11T12:37:51.672352+02:00,False,2014-09-11T12:23:40.353739+02:00
529,{},moklen,Moklen,Austronesian,,False,sffff00,t66ff33,anes,2014-09-11T12:37:51.672813+02:00,False,2014-09-11T12:23:40.354451+02:00
530,{},mesophilippine,Meso-Philippine,Austronesian,,False,sffff00,t9999ff,anes,2014-09-11T12:37:51.673243+02:00,False,2014-09-11T12:23:40.355139+02:00
531,{},oko,Oko,Niger-Congo,,False,fff66ff,dffcc00,ncon,2014-09-11T12:37:51.673816+02:00,False,2014-09-11T12:23:40.355820+02:00
532,{},bijago,Bijago,Niger-Congo,,False,fff66ff,dffffcc,ncon,2014-09-11T12:37:51.674382+02:00,False,2014-09-11T12:23:40.356476+02:00
533,{},akpes,Akpes ,Niger-Congo,,False,fff66ff,c0000dd,ncon,2014-09-11T12:37:51.674984+02:00,False,2014-09-11T12:23:40.357122+02:00
534,{},westernmalayopolynesian,Western Malayo-Polynesian,Austronesian,,False,sffff00,t99ffff,anes,2014-09-11T12:37:51.675551+02:00,False,2014-09-11T12:23:40.357831+02:00
535,{},sulawesi,Sulawesi,Austronesian,,False,sffff00,ta0fb75,anes,2014-09-11T12:37:51.676154+02:00,False,2014-09-11T12:23:40.358601+02:00
536,{},muniche,Muniche,Muniche,,False,fe8e8e8,f4d6cee,saso,2014-09-11T12:37:51.676749+02:00,False,2014-09-11T12:23:40.359374+02:00
537,{},tinigua,Tinigua,Tinigua,,False,t0000dd,fefe305,saso,2014-09-11T12:37:51.677265+02:00,False,2014-09-11T12:23:40.360031+02:00
538,{},vilela,Vilela,Vilela,,False,f00ff00,f009900,luvi,2014-09-11T12:37:51.677854+02:00,False,2014-09-11T12:23:40.360783+02:00
539,{},ofaye,Ofayé,Kamakanan,,False,sd22257,ca0fb75,macg,2014-09-11T12:37:51.678443+02:00,False,2014-09-11T12:23:40.361551+02:00
540,{},purian,Purian,PurianPrint,,False,df38847,ced9c07,macg,2014-09-11T12:37:51.679045+02:00,False,2014-09-11T12:23:40.362277+02:00
541,{},mixedlanguage,Mixed language,Mixed language,,False,f0000ff,tfe3856,saml,2014-09-11T12:37:51.679566+02:00,False,2014-09-11T12:23:40.363135+02:00
542,{},tupian,Tupian,Tupian,,False,f0000dd,cffffff,tupi,2014-09-11T12:37:51.680060+02:00,False,2014-09-11T12:23:40.363935+02:00
543,{},yuwana,Yuwana,YuwanaPrint,,False,ccb9a34,cd22257,saun,2014-09-11T12:37:51.680546+02:00,False,2014-09-11T12:23:40.364641+02:00
