pk,created,updated,active,jsondata,id,name,description,markup_description,gone,ficon,gicon,root
1,2014-09-11T12:23:40.018035+02:00,2014-09-11T12:37:51.396346+02:00,True,,southerncushitic,Southern Cushitic,Afro-Asiatic,,False,c0000dd,s0000dd,afas
2,2014-09-11T12:23:40.019650+02:00,2014-09-11T12:37:51.397440+02:00,True,,eastchadic,East Chadic,Afro-Asiatic,,False,c0000dd,ccccccc,afas
3,2014-09-11T12:23:40.020379+02:00,2014-09-11T12:37:51.398030+02:00,True,,beja,Beja,Afro-Asiatic,,False,c0000dd,s990099,afas
4,2014-09-11T12:23:40.021017+02:00,2014-09-11T12:37:51.398340+02:00,True,,berber,Berber,Afro-Asiatic,,False,c0000dd,sdd0000,afas
5,2014-09-11T12:23:40.021639+02:00,2014-09-11T12:37:51.398623+02:00,True,,biumandara,Biu-Mandara,Afro-Asiatic,,False,c0000dd,c0000dd,afas
6,2014-09-11T12:23:40.022146+02:00,2014-09-11T12:37:51.398879+02:00,True,,westchadic,West Chadic,Afro-Asiatic,,False,c0000dd,c009900,afas
7,2014-09-11T12:23:40.022751+02:00,2014-09-11T12:37:51.399513+02:00,True,,centralcushitic,Central Cushitic,Afro-Asiatic,,False,c0000dd,c990099,afas
8,2014-09-11T12:23:40.023126+02:00,2014-09-11T12:37:51.399978+02:00,True,,egyptiancoptic,Egyptian-Coptic,Afro-Asiatic,,False,c0000dd,cdd0000,
9,2014-09-11T12:23:40.023458+02:00,2014-09-11T12:37:51.400553+02:00,True,,southomotic,South Omotic,Afro-Asiatic,,False,c0000dd,cffff00,afas
10,2014-09-11T12:23:40.023787+02:00,2014-09-11T12:37:51.401041+02:00,True,,semitic,Semitic,Afro-Asiatic,,False,c0000dd,cffffff,afas
11,2014-09-11T12:23:40.024112+02:00,2014-09-11T12:37:51.401503+02:00,True,,masa,Masa,Afro-Asiatic,,False,c0000dd,c00ff00,afas
12,2014-09-11T12:23:40.024435+02:00,2014-09-11T12:37:51.401949+02:00,True,,easterncushitic,Eastern Cushitic,Afro-Asiatic,,False,c0000dd,c00ffff,afas
13,2014-09-11T12:23:40.024754+02:00,2014-09-11T12:37:51.402343+02:00,True,,northomotic,North Omotic,Afro-Asiatic,,False,c0000dd,cff6600,afas
14,2014-09-11T12:23:40.025291+02:00,2014-09-11T12:37:51.402637+02:00,True,,ainu,Ainu,Ainu,,False,c990099,sffffff,asis
15,2014-09-11T12:23:40.025871+02:00,2014-09-11T12:37:51.403081+02:00,True,,alacalufan,Alacalufan,Alacalufan,,False,cdd0000,s00ff00,alac
16,2014-09-11T12:23:40.026528+02:00,2014-09-11T12:37:51.403578+02:00,True,,yurok,Yurok,Algic,,False,cffff00,s00ffff,algi
17,2014-09-11T12:23:40.027282+02:00,2014-09-11T12:37:51.404083+02:00,True,,algonquian,Algonquian,Algic,,False,cffff00,scccccc,algi
18,2014-09-11T12:23:40.028015+02:00,2014-09-11T12:37:51.404597+02:00,True,,wiyot,Wiyot,Algic,,False,cffff00,sff6600,algi
19,2014-09-11T12:23:40.028877+02:00,2014-09-11T12:37:51.405063+02:00,True,,turkic,Turkic,Altaic,,False,cffffff,t0000dd,altc
20,2014-09-11T12:23:40.029616+02:00,2014-09-11T12:37:51.405518+02:00,True,,mongolic,Mongolic,Altaic,,False,cffffff,t990099,altc
21,2014-09-11T12:23:40.030343+02:00,2014-09-11T12:37:51.405948+02:00,True,,tungusic,Tungusic,Altaic,,False,cffffff,t009900,altc
22,2014-09-11T12:23:40.031077+02:00,2014-09-11T12:37:51.406352+02:00,True,,andoke,Andoke,Andoke,,False,c00ff00,tdd0000,saso
23,2014-09-11T12:23:40.031818+02:00,2014-09-11T12:37:51.406770+02:00,True,,anem,Anêm,Anêm,,False,c00ffff,tffff00,
24,2014-09-11T12:23:40.032556+02:00,2014-09-11T12:37:51.407186+02:00,True,,arauan,Arauan,Arauan,,False,ccccccc,tffffff,arau
25,2014-09-11T12:23:40.033269+02:00,2014-09-11T12:37:51.407599+02:00,True,,araucanian,Araucanian,Araucanian,,False,cff6600,t00ff00,arcn
26,2014-09-11T12:23:40.033991+02:00,2014-09-11T12:37:51.408106+02:00,True,,atakapa,Atakapa,Atakapa,,False,s009900,fffffff,
239,2014-09-11T12:23:40.178584+02:00,2014-09-11T12:37:51.524355+02:00,True,,mombum,Mombum,Mombum,,False,f66ff33,tff00ff,
27,2014-09-11T12:23:40.034644+02:00,2014-09-11T12:37:51.408564+02:00,True,,westerndaly,Western Daly,Australian,,False,s990099,f00ffff,aust
28,2014-09-11T12:23:40.035273+02:00,2014-09-11T12:37:51.409099+02:00,True,,wororan,Wororan,Australian,,False,s990099,fcccccc,aust
29,2014-09-11T12:23:40.035926+02:00,2014-09-11T12:37:51.409548+02:00,True,,bunuban,Bunuban,Australian,,False,s990099,fff6600,
30,2014-09-11T12:23:40.036553+02:00,2014-09-11T12:37:51.409997+02:00,True,,burarran,Burarran,Australian,,False,s990099,d0000dd,aust
31,2014-09-11T12:23:40.037119+02:00,2014-09-11T12:37:51.410438+02:00,True,,ngandi,Ngandi,Australian,,False,s990099,d009900,
32,2014-09-11T12:23:40.037648+02:00,2014-09-11T12:37:51.410905+02:00,True,,yangmanic,Yangmanic,Australian,,False,s990099,d990099,
33,2014-09-11T12:23:40.038168+02:00,2014-09-11T12:37:51.411350+02:00,True,,ngalakan,Ngalakan,Australian,,False,s990099,ddd0000,aust
34,2014-09-11T12:23:40.038675+02:00,2014-09-11T12:37:51.411792+02:00,True,,ndjebbana,Ndjébbana,Australian,,False,s990099,dffff00,
35,2014-09-11T12:23:40.039387+02:00,2014-09-11T12:37:51.412226+02:00,True,,nakkara,Nakkara,Australian,,False,s990099,dffffff,
36,2014-09-11T12:23:40.040175+02:00,2014-09-11T12:37:51.412661+02:00,True,,murrinhpatha,Murrinh-Patha,Australian,,False,s990099,d00ff00,aust
37,2014-09-11T12:23:40.040960+02:00,2014-09-11T12:37:51.413096+02:00,True,,iwaidjan,Iwaidjan,Australian,,False,s990099,d00ffff,aust
38,2014-09-11T12:23:40.041733+02:00,2014-09-11T12:37:51.413526+02:00,True,,jaminjungan,Jaminjungan,Australian,,False,s990099,dcccccc,
39,2014-09-11T12:23:40.042403+02:00,2014-09-11T12:37:51.413959+02:00,True,,rembarnga,Rembarnga,Australian,,False,s990099,dff6600,
40,2014-09-11T12:23:40.043043+02:00,2014-09-11T12:37:51.414403+02:00,True,,anindilyakwa,Anindilyakwa,Australian,,False,s990099,c000000,
41,2014-09-11T12:23:40.043693+02:00,2014-09-11T12:37:51.414923+02:00,True,,pamanyungan,Pama-Nyungan,Australian,,False,s990099,c0000ff,aust
42,2014-09-11T12:23:40.044345+02:00,2014-09-11T12:37:51.415630+02:00,True,,ansonbay,Anson Bay,Australian,,False,s990099,c4d6cee,
43,2014-09-11T12:23:40.044986+02:00,2014-09-11T12:37:51.416150+02:00,True,,gunwinygic,Gunwinygic,Australian,,False,s990099,c66ff33,aust
44,2014-09-11T12:23:40.045729+02:00,2014-09-11T12:37:51.416629+02:00,True,,limilngan,Limilngan,Australian,,False,s990099,c9999ff,
45,2014-09-11T12:23:40.046563+02:00,2014-09-11T12:37:51.417100+02:00,True,,nyulnyulan,Nyulnyulan,Australian,,False,s990099,f00ff00,aust
46,2014-09-11T12:23:40.047355+02:00,2014-09-11T12:37:51.417566+02:00,True,,garrwan,Garrwan,Australian,,False,s990099,c99ffff,aust
47,2014-09-11T12:23:40.048160+02:00,2014-09-11T12:37:51.418028+02:00,True,,nunggubuyu,Nunggubuyu,Australian,,False,s990099,ca0fb75,aust
48,2014-09-11T12:23:40.048960+02:00,2014-09-11T12:37:51.418487+02:00,True,,gaagudju,Gaagudju,Australian,,False,s990099,caa0000,
49,2014-09-11T12:23:40.049725+02:00,2014-09-11T12:37:51.419128+02:00,True,,southerndaly,Southern Daly,Australian,,False,s990099,ccb9a34,aust
50,2014-09-11T12:23:40.050525+02:00,2014-09-11T12:37:51.419785+02:00,True,,northerndaly,Northern Daly,Australian,,False,s990099,cd22257,aust
51,2014-09-11T12:23:40.051412+02:00,2014-09-11T12:37:51.420405+02:00,True,,tangkic,Tangkic,Australian,,False,s990099,ce8e8e8,
52,2014-09-11T12:23:40.052231+02:00,2014-09-11T12:37:51.421030+02:00,True,,tiwian,Tiwian,Australian,,False,s990099,ced9c07,aust
53,2014-09-11T12:23:40.052963+02:00,2014-09-11T12:37:51.421595+02:00,True,,easterndaly,Eastern Daly,Australian,,False,s990099,cefe305,
54,2014-09-11T12:23:40.053639+02:00,2014-09-11T12:37:51.422166+02:00,True,,mangarrayi,Mangarrayi,Australian,,False,s990099,cf38847,
55,2014-09-11T12:23:40.054268+02:00,2014-09-11T12:37:51.422726+02:00,True,,djeragan,Djeragan,Australian,,False,s990099,cf3ffb0,
56,2014-09-11T12:23:40.054956+02:00,2014-09-11T12:37:51.423299+02:00,True,,waray,Waray,Australian,,False,s990099,cfe3856,aust
57,2014-09-11T12:23:40.055768+02:00,2014-09-11T12:37:51.423842+02:00,True,,westbarkly,West Barkly,Australian,,False,s990099,cff0000,
58,2014-09-11T12:23:40.056656+02:00,2014-09-11T12:37:51.424386+02:00,True,,laragiyan,Laragiyan,Australian,,False,s990099,cff00ff,
59,2014-09-11T12:23:40.057496+02:00,2014-09-11T12:37:51.425018+02:00,True,,maran,Maran,Australian,,False,s990099,cff4400,aust
60,2014-09-11T12:23:40.058327+02:00,2014-09-11T12:37:51.425614+02:00,True,,wagiman,Wagiman,Australian,,False,s990099,cff66ff,
61,2014-09-11T12:23:40.059178+02:00,2014-09-11T12:37:51.426264+02:00,True,,aslian,Aslian,Austro-Asiatic,,False,sdd0000,cffffcc,ausa
62,2014-09-11T12:23:40.060043+02:00,2014-09-11T12:37:51.427065+02:00,True,,bahnaric,Bahnaric,Austro-Asiatic,,False,sdd0000,s000000,ausa
63,2014-09-11T12:23:40.060838+02:00,2014-09-11T12:37:51.427901+02:00,True,,pearic,Pearic,Austro-Asiatic,,False,sdd0000,s0000ff,ausa
64,2014-09-11T12:23:40.061736+02:00,2014-09-11T12:37:51.428507+02:00,True,,monic,Monic,Austro-Asiatic,,False,sdd0000,s4d6cee,ausa
65,2014-09-11T12:23:40.062529+02:00,2014-09-11T12:37:51.429299+02:00,True,,munda,Munda,Austro-Asiatic,,False,sdd0000,s66ff33,ausa
66,2014-09-11T12:23:40.063382+02:00,2014-09-11T12:37:51.430160+02:00,True,,vietmuong,Viet-Muong,Austro-Asiatic,,False,sdd0000,s9999ff,ausa
67,2014-09-11T12:23:40.064197+02:00,2014-09-11T12:37:51.430806+02:00,True,,nicobarese,Nicobarese,Austro-Asiatic,,False,sdd0000,s99ffff,ausa
68,2014-09-11T12:23:40.065010+02:00,2014-09-11T12:37:51.431406+02:00,True,,palaungkhmuic,Palaung-Khmuic,Austro-Asiatic,,False,sdd0000,sa0fb75,ausa
69,2014-09-11T12:23:40.065776+02:00,2014-09-11T12:37:51.431974+02:00,True,,khmer,Khmer,Austro-Asiatic,,False,sdd0000,saa0000,ausa
70,2014-09-11T12:23:40.066489+02:00,2014-09-11T12:37:51.432533+02:00,True,,khasian,Khasian,Austro-Asiatic,,False,sdd0000,scb9a34,ausa
71,2014-09-11T12:23:40.067183+02:00,2014-09-11T12:37:51.433084+02:00,True,,katuic,Katuic,Austro-Asiatic,,False,sdd0000,cffcc00,ausa
72,2014-09-11T12:23:40.067971+02:00,2014-09-11T12:37:51.433694+02:00,True,,barito,Barito,Austronesian,,False,sffff00,sefe305,anes
73,2014-09-11T12:23:40.068680+02:00,2014-09-11T12:37:51.434284+02:00,True,,chamorro,Chamorro,Austronesian,,False,sffff00,sf38847,anes
74,2014-09-11T12:23:40.069384+02:00,2014-09-11T12:37:51.434911+02:00,True,,centralmalayopolynesian,Central Malayo-Polynesian,Austronesian,,False,sffff00,sf3ffb0,anes
75,2014-09-11T12:23:40.070066+02:00,2014-09-11T12:37:51.435549+02:00,True,,samabajaw,Sama-Bajaw,Austronesian,,False,sffff00,sfe3856,anes
76,2014-09-11T12:23:40.070721+02:00,2014-09-11T12:37:51.436173+02:00,True,,southhalmaherawestnewguinea,South Halmahera - West New Guinea,Austronesian,,False,sffff00,sff0000,anes
77,2014-09-11T12:23:40.071382+02:00,2014-09-11T12:37:51.436799+02:00,True,,yapese,Yapese,Austronesian,,False,sffff00,sff00ff,anes
78,2014-09-11T12:23:40.072020+02:00,2014-09-11T12:37:51.437404+02:00,True,,rejang,Rejang,Austronesian,,False,sffff00,sff4400,
79,2014-09-11T12:23:40.072634+02:00,2014-09-11T12:37:51.437927+02:00,True,,palauan,Palauan,Austronesian,,False,sffff00,sff66ff,anes
80,2014-09-11T12:23:40.073251+02:00,2014-09-11T12:37:51.438431+02:00,True,,oceanic,Oceanic,Austronesian,,False,sffff00,sffcc00,anes
81,2014-09-11T12:23:40.073876+02:00,2014-09-11T12:37:51.439043+02:00,True,,lampungic,Lampungic,Austronesian,,False,sffff00,sffffcc,
82,2014-09-11T12:23:40.074478+02:00,2014-09-11T12:37:51.439671+02:00,True,,atayalic,Atayalic,Austronesian,,False,sffff00,sd22257,anes
83,2014-09-11T12:23:40.075335+02:00,2014-09-11T12:37:51.440272+02:00,True,,javanese,Javanese,Austronesian,,False,sffff00,se8e8e8,anes
84,2014-09-11T12:23:40.076002+02:00,2014-09-11T12:37:51.440830+02:00,True,,landdayak,Land Dayak,Austronesian,,False,sffff00,sed9c07,
85,2014-09-11T12:23:40.076757+02:00,2014-09-11T12:37:51.441400+02:00,True,,awinpare,Awin-Pare,Awin-Pare,,False,sffffff,f000000,
86,2014-09-11T12:23:40.077492+02:00,2014-09-11T12:37:51.441906+02:00,True,,aymaran,Aymaran,Aymaran,,False,s00ff00,f0000ff,ayma
87,2014-09-11T12:23:40.078184+02:00,2014-09-11T12:37:51.442417+02:00,True,,taulil,Taulil,Baining-Taulil,,False,s00ffff,f4d6cee,
88,2014-09-11T12:23:40.078875+02:00,2014-09-11T12:37:51.442918+02:00,True,,baining,Baining,Baining-Taulil,,False,s00ffff,f66ff33,epap
89,2014-09-11T12:23:40.079557+02:00,2014-09-11T12:37:51.443424+02:00,True,,bangime,Bangime,Bangime,,False,scccccc,f9999ff,
90,2014-09-11T12:23:40.080215+02:00,2014-09-11T12:37:51.443925+02:00,True,,barbacoan,Barbacoan,Barbacoan,,False,sff6600,f99ffff,barb
91,2014-09-11T12:23:40.080898+02:00,2014-09-11T12:37:51.444419+02:00,True,,basque,Basque,Basque,,False,t0000dd,fa0fb75,basq
92,2014-09-11T12:23:40.081615+02:00,2014-09-11T12:37:51.444939+02:00,True,,beothuk,Beothuk,Beothuk,,False,t009900,faa0000,
93,2014-09-11T12:23:40.082351+02:00,2014-09-11T12:37:51.445528+02:00,True,,betoi,Betoi,Betoi,,False,t990099,fcb9a34,
94,2014-09-11T12:23:40.083028+02:00,2014-09-11T12:37:51.446136+02:00,True,,border,Border,Border,,False,tdd0000,fd22257,trng
95,2014-09-11T12:23:40.083744+02:00,2014-09-11T12:37:51.446758+02:00,True,,bosavi,Bosavi,Bosavi,,False,tffff00,fe8e8e8,
96,2014-09-11T12:23:40.084470+02:00,2014-09-11T12:37:51.447386+02:00,True,,bulakariver,Bulaka River,Bulaka River,,False,tffffff,fed9c07,
97,2014-09-11T12:23:40.085227+02:00,2014-09-11T12:37:51.448004+02:00,True,,burushaski,Burushaski,Burushaski,,False,t00ff00,fefe305,asis
98,2014-09-11T12:23:40.086067+02:00,2014-09-11T12:37:51.448685+02:00,True,,cacuanukak,Cacua-Nukak,Cacua-Nukak,,False,t00ffff,ff38847,maku
99,2014-09-11T12:23:40.086784+02:00,2014-09-11T12:37:51.449256+02:00,True,,caddoan,Caddoan,Caddoan,,False,tcccccc,ff3ffb0,cadd
100,2014-09-11T12:23:40.087465+02:00,2014-09-11T12:37:51.449913+02:00,True,,cahuapanan,Cahuapanan,Cahuapanan,,False,tff6600,ffe3856,cahu
101,2014-09-11T12:23:40.088126+02:00,2014-09-11T12:37:51.450447+02:00,True,,camsa,Camsá,Camsá,,False,f0000dd,fff0000,saso
102,2014-09-11T12:23:40.088773+02:00,2014-09-11T12:37:51.450937+02:00,True,,candoshi,Candoshi,Candoshi,,False,f009900,fff00ff,saso
103,2014-09-11T12:23:40.089414+02:00,2014-09-11T12:37:51.451516+02:00,True,,cariban,Cariban,Cariban,,False,f990099,fff4400,cari
104,2014-09-11T12:23:40.090085+02:00,2014-09-11T12:37:51.452111+02:00,True,,cayuvava,Cayuvava,Cayuvava,,False,fdd0000,fff66ff,saso
105,2014-09-11T12:23:40.090696+02:00,2014-09-11T12:37:51.452695+02:00,True,,chapacurawanham,Chapacura-Wanham,Chapacura-Wanham,,False,fffff00,fffcc00,chaw
106,2014-09-11T12:23:40.091385+02:00,2014-09-11T12:37:51.453280+02:00,True,,guaymi,Guaymi,Chibchan,,False,fffffff,d000000,
107,2014-09-11T12:23:40.092032+02:00,2014-09-11T12:37:51.453861+02:00,True,,talamanca,Talamanca,Chibchan,,False,fffffff,d0000ff,chib
108,2014-09-11T12:23:40.092673+02:00,2014-09-11T12:37:51.454439+02:00,True,,chibchanproper,Chibchan Proper,Chibchan,,False,fffffff,d4d6cee,chib
109,2014-09-11T12:23:40.093319+02:00,2014-09-11T12:37:51.455044+02:00,True,,rama,Rama,Chibchan,,False,fffffff,fffffcc,chib
110,2014-09-11T12:23:40.093953+02:00,2014-09-11T12:37:51.455584+02:00,True,,paya,Paya,Chibchan,,False,fffffff,d66ff33,chib
111,2014-09-11T12:23:40.094583+02:00,2014-09-11T12:37:51.456072+02:00,True,,kuna,Kuna,Chibchan,,False,fffffff,d9999ff,chib
112,2014-09-11T12:23:40.095268+02:00,2014-09-11T12:37:51.456543+02:00,True,,motilon,Motilon,Chibchan,,False,fffffff,d99ffff,chib
113,2014-09-11T12:23:40.095988+02:00,2014-09-11T12:37:51.456981+02:00,True,,chimila,Chimila,Chibchan,,False,fffffff,da0fb75,chib
114,2014-09-11T12:23:40.096635+02:00,2014-09-11T12:37:51.457413+02:00,True,,aruak,Aruak,Chibchan,,False,fffffff,daa0000,chib
115,2014-09-11T12:23:40.097267+02:00,2014-09-11T12:37:51.457843+02:00,True,,chimakuan,Chimakuan,Chimakuan,,False,f00ff00,dcb9a34,chmn
116,2014-09-11T12:23:40.097897+02:00,2014-09-11T12:37:51.458391+02:00,True,,chimuan,Chimúan,Chimúan,,False,f00ffff,dd22257,saso
117,2014-09-11T12:23:40.098555+02:00,2014-09-11T12:37:51.458949+02:00,True,,chiquito,Chiquito,Chiquito,,False,fcccccc,de8e8e8,macg
118,2014-09-11T12:23:40.099176+02:00,2014-09-11T12:37:51.459634+02:00,True,,chitimacha,Chitimacha,Chitimacha,,False,fff6600,ded9c07,
119,2014-09-11T12:23:40.099788+02:00,2014-09-11T12:37:51.460273+02:00,True,,choco,Choco,Choco,,False,d0000dd,defe305,choc
120,2014-09-11T12:23:40.100415+02:00,2014-09-11T12:37:51.460908+02:00,True,,cholon,Cholon,Cholon,,False,d009900,df38847,hibi
121,2014-09-11T12:23:40.101064+02:00,2014-09-11T12:37:51.461539+02:00,True,,chonproper,Chon Proper,Chon,,False,d990099,dfe3856,chon
122,2014-09-11T12:23:40.101696+02:00,2014-09-11T12:37:51.462191+02:00,True,,puelche,Puelche,Chon,,False,d990099,df3ffb0,chon
123,2014-09-11T12:23:40.102324+02:00,2014-09-11T12:37:51.462759+02:00,True,,northernchukotkokamchatkan,Northern Chukotko-Kamchatkan,Chukotko-Kamchatkan,,False,ddd0000,dff0000,chka
124,2014-09-11T12:23:40.102968+02:00,2014-09-11T12:37:51.463310+02:00,True,,southernchukotkokamchatkan,Southern Chukotko-Kamchatkan,Chukotko-Kamchatkan,,False,ddd0000,dff00ff,chka
125,2014-09-11T12:23:40.103576+02:00,2014-09-11T12:37:51.463807+02:00,True,,chumash,Chumash,Chumash,,False,dffff00,dff4400,chum
126,2014-09-11T12:23:40.104179+02:00,2014-09-11T12:37:51.464284+02:00,True,,coahuiltecan,Coahuiltecan,Coahuiltecan,,False,dffffff,dff66ff,
127,2014-09-11T12:23:40.104774+02:00,2014-09-11T12:37:51.464861+02:00,True,,cofan,Cofán,Cofán,,False,d00ff00,dffcc00,chib
128,2014-09-11T12:23:40.105400+02:00,2014-09-11T12:37:51.465550+02:00,True,,comecrudan,Comecrudan,Comecrudan,,False,d00ffff,dffffcc,
129,2014-09-11T12:23:40.106062+02:00,2014-09-11T12:37:51.466193+02:00,True,,cuitlatec,Cuitlatec,Cuitlatec,,False,dcccccc,c0000dd,
130,2014-09-11T12:23:40.106829+02:00,2014-09-11T12:37:51.466780+02:00,True,,dagan,Dagan,Dagan,,False,dff6600,c009900,
131,2014-09-11T12:23:40.107637+02:00,2014-09-11T12:37:51.467273+02:00,True,,southcentraldravidian,South-Central Dravidian,Dravidian,,False,c000000,cffffff,drav
132,2014-09-11T12:23:40.108362+02:00,2014-09-11T12:37:51.467781+02:00,True,,centraldravidian,Central Dravidian,Dravidian,,False,c000000,cffff00,drav
133,2014-09-11T12:23:40.109070+02:00,2014-09-11T12:37:51.468255+02:00,True,,southerndravidian,Southern Dravidian,Dravidian,,False,c000000,cdd0000,drav
134,2014-09-11T12:23:40.109777+02:00,2014-09-11T12:37:51.468723+02:00,True,,northerndravidian,Northern Dravidian,Dravidian,,False,c000000,c990099,drav
135,2014-09-11T12:23:40.110557+02:00,2014-09-11T12:37:51.469181+02:00,True,,eastbirdshead,East Bird's Head,East Bird's Head,,False,c0000ff,c00ff00,
136,2014-09-11T12:23:40.111347+02:00,2014-09-11T12:37:51.469630+02:00,True,,eastbougainville,East Bougainville,East Bougainville,,False,c4d6cee,c00ffff,epap
137,2014-09-11T12:23:40.112066+02:00,2014-09-11T12:37:51.470075+02:00,True,,eastgeelvinkbay,East Geelvink Bay,East Geelvink Bay,,False,c66ff33,ccccccc,
138,2014-09-11T12:23:40.112721+02:00,2014-09-11T12:37:51.470517+02:00,True,,eaststrickland,East Strickland,East Strickland,,False,c9999ff,cff6600,trng
139,2014-09-11T12:23:40.113367+02:00,2014-09-11T12:37:51.471014+02:00,True,,tate,Tate,Eleman,,False,c99ffff,s0000dd,
140,2014-09-11T12:23:40.113997+02:00,2014-09-11T12:37:51.471639+02:00,True,,elemanproper,Eleman Proper,Eleman,,False,c99ffff,s009900,trng
141,2014-09-11T12:23:40.114623+02:00,2014-09-11T12:37:51.472211+02:00,True,,aleut,Aleut,Eskimo-Aleut,,False,ca0fb75,s990099,eska
142,2014-09-11T12:23:40.115278+02:00,2014-09-11T12:37:51.472742+02:00,True,,eskimo,Eskimo,Eskimo-Aleut,,False,ca0fb75,sdd0000,eska
143,2014-09-11T12:23:40.115941+02:00,2014-09-11T12:37:51.473230+02:00,True,,esselen,Esselen,Esselen,,False,caa0000,sffff00,
144,2014-09-11T12:23:40.116581+02:00,2014-09-11T12:37:51.473703+02:00,True,,gapun,Gapun,Gapun,,False,ccb9a34,sffffff,
145,2014-09-11T12:23:40.117245+02:00,2014-09-11T12:37:51.474167+02:00,True,,suki,Suki,Gogodala-Suki,,False,cd22257,s00ff00,
146,2014-09-11T12:23:40.117910+02:00,2014-09-11T12:37:51.474760+02:00,True,,gogodala,Gogodala,Gogodala-Suki,,False,cd22257,s00ffff,
147,2014-09-11T12:23:40.118541+02:00,2014-09-11T12:37:51.475258+02:00,True,,greatandamanese,Great Andamanese,Great Andamanese,,False,ce8e8e8,scccccc,anda
148,2014-09-11T12:23:40.119206+02:00,2014-09-11T12:37:51.475846+02:00,True,,paiwanic,Paiwan,Austronesian,,False,sffff00,t000000,anes
149,2014-09-11T12:23:40.119862+02:00,2014-09-11T12:37:51.476424+02:00,True,,tsouic,Tsou,Austronesian,,False,sffff00,t0000ff,anes
150,2014-09-11T12:23:40.120516+02:00,2014-09-11T12:37:51.477113+02:00,True,,guahiban,Guahiban,Guahiban,,False,ced9c07,sff6600,guah
151,2014-09-11T12:23:40.121168+02:00,2014-09-11T12:37:51.477762+02:00,True,,guaicuruan,Guaicuruan,Guaicuruan,,False,cefe305,t0000dd,mgua
152,2014-09-11T12:23:40.121800+02:00,2014-09-11T12:37:51.478378+02:00,True,,hadza,Hadza,Hadza,,False,cf38847,t009900,khoi
153,2014-09-11T12:23:40.122433+02:00,2014-09-11T12:37:51.479020+02:00,True,,haida,Haida,Haida,,False,cf3ffb0,t990099,nadn
154,2014-09-11T12:23:40.123100+02:00,2014-09-11T12:37:51.479578+02:00,True,,harakmbet,Harakmbet,Harakmbet,,False,cfe3856,tdd0000,hara
155,2014-09-11T12:23:40.123735+02:00,2014-09-11T12:37:51.480171+02:00,True,,hmongmien,Hmong-Mien,Hmong-Mien,,False,cff0000,tffff00,hmom
156,2014-09-11T12:23:40.124362+02:00,2014-09-11T12:37:51.480655+02:00,True,,yuman,Yuman,Hokan,,False,cff00ff,f0000dd,hoka
157,2014-09-11T12:23:40.124990+02:00,2014-09-11T12:37:51.481115+02:00,True,,seri,Seri,Hokan,,False,cff00ff,tff6600,hoka
158,2014-09-11T12:23:40.125641+02:00,2014-09-11T12:37:51.481658+02:00,True,,chimariko,Chimariko,Hokan,,False,cff00ff,tcccccc,hoka
159,2014-09-11T12:23:40.126293+02:00,2014-09-11T12:37:51.482155+02:00,True,,palaihnihan,Palaihnihan,Hokan,,False,cff00ff,t00ffff,hoka
160,2014-09-11T12:23:40.126955+02:00,2014-09-11T12:37:51.482731+02:00,True,,shasta,Shasta,Hokan,,False,cff00ff,t00ff00,hoka
161,2014-09-11T12:23:40.127594+02:00,2014-09-11T12:37:51.483333+02:00,True,,yana,Yana,Hokan,,False,cff00ff,tffffff,hoka
162,2014-09-11T12:23:40.128228+02:00,2014-09-11T12:37:51.483901+02:00,True,,pomoan,Pomoan,Hokan,,False,cff00ff,f009900,hoka
163,2014-09-11T12:23:40.128849+02:00,2014-09-11T12:37:51.484481+02:00,True,,huarpe,Huarpe,Huarpe,,False,cff4400,f990099,
164,2014-09-11T12:23:40.129504+02:00,2014-09-11T12:37:51.485078+02:00,True,,huavean,Huavean,Huavean,,False,cff66ff,fdd0000,huav
165,2014-09-11T12:23:40.130204+02:00,2014-09-11T12:37:51.485722+02:00,True,,boran,Boran,Huitotoan,,False,cffcc00,fffffff,wita
166,2014-09-11T12:23:40.130865+02:00,2014-09-11T12:37:51.486330+02:00,True,,huitoto,Huitoto,Huitotoan,,False,cffcc00,fffff00,wita
167,2014-09-11T12:23:40.131497+02:00,2014-09-11T12:37:51.487005+02:00,True,,germanic,Germanic,Indo-European,,False,cffffcc,f00ffff,ieur
168,2014-09-11T12:23:40.132099+02:00,2014-09-11T12:37:51.487713+02:00,True,,indic,Indic,Indo-European,,False,cffffcc,f00ff00,ieur
169,2014-09-11T12:23:40.132695+02:00,2014-09-11T12:37:51.488345+02:00,True,,iranian,Iranian,Indo-European,,False,cffffcc,fcccccc,ieur
170,2014-09-11T12:23:40.133299+02:00,2014-09-11T12:37:51.488867+02:00,True,,romance,Romance,Indo-European,,False,cffffcc,fff6600,ieur
171,2014-09-11T12:23:40.133932+02:00,2014-09-11T12:37:51.489337+02:00,True,,slavic,Slavic,Indo-European,,False,cffffcc,d0000dd,ieur
172,2014-09-11T12:23:40.134569+02:00,2014-09-11T12:37:51.489793+02:00,True,,greek,Greek,Indo-European,,False,cffffcc,d009900,ieur
173,2014-09-11T12:23:40.135220+02:00,2014-09-11T12:37:51.490243+02:00,True,,celtic,Celtic,Indo-European,,False,cffffcc,d990099,ieur
174,2014-09-11T12:23:40.135866+02:00,2014-09-11T12:37:51.490882+02:00,True,,baltic,Baltic,Indo-European,,False,cffffcc,ddd0000,ieur
175,2014-09-11T12:23:40.136508+02:00,2014-09-11T12:37:51.491520+02:00,True,,armenian,Armenian,Indo-European,,False,cffffcc,dffff00,ieur
176,2014-09-11T12:23:40.137133+02:00,2014-09-11T12:37:51.492146+02:00,True,,albanian,Albanian,Indo-European,,False,cffffcc,dffffff,ieur
177,2014-09-11T12:23:40.137769+02:00,2014-09-11T12:37:51.492774+02:00,True,,southerniroquoian,Southern Iroquoian,Iroquoian,,False,s0000ff,dcccccc,iroq
178,2014-09-11T12:23:40.138397+02:00,2014-09-11T12:37:51.493376+02:00,True,,northerniroquoian,Northern Iroquoian,Iroquoian,,False,s0000ff,d00ffff,iroq
179,2014-09-11T12:23:40.139035+02:00,2014-09-11T12:37:51.493972+02:00,True,,itonama,Itonama,Itonama,,False,s4d6cee,dff6600,saso
180,2014-09-11T12:23:40.139694+02:00,2014-09-11T12:37:51.494558+02:00,True,,jabuti,Jabutí,Jabutí,,False,s66ff33,c000000,macg
181,2014-09-11T12:23:40.140340+02:00,2014-09-11T12:37:51.495117+02:00,True,,japanese,Japanese,Japanese,,False,s9999ff,c0000ff,japo
182,2014-09-11T12:23:40.140959+02:00,2014-09-11T12:37:51.495653+02:00,True,,jirajaran,Jirajaran,Jirajaran,,False,s99ffff,c4d6cee,
183,2014-09-11T12:23:40.141577+02:00,2014-09-11T12:37:51.496176+02:00,True,,jivaroan,Jivaroan,Jivaroan,,False,sa0fb75,c66ff33,jiva
184,2014-09-11T12:23:40.142210+02:00,2014-09-11T12:37:51.496812+02:00,True,,kadugli,Kadugli,Kadugli,,False,saa0000,c9999ff,nsah
185,2014-09-11T12:23:40.142857+02:00,2014-09-11T12:37:51.497339+02:00,True,,kalapuyan,Kalapuyan,Kalapuyan,,False,scb9a34,c99ffff,
186,2014-09-11T12:23:40.143449+02:00,2014-09-11T12:37:51.497843+02:00,True,,kapixana,Kapixana,Kapixana,,False,se8e8e8,caa0000,
187,2014-09-11T12:23:40.144038+02:00,2014-09-11T12:37:51.498346+02:00,True,,karankawa,Karankawa,Karankawa,,False,sed9c07,ccb9a34,
188,2014-09-11T12:23:40.144631+02:00,2014-09-11T12:37:51.498844+02:00,True,,kariri,Kariri,Kariri,,False,sefe305,cd22257,saun
189,2014-09-11T12:23:40.145226+02:00,2014-09-11T12:37:51.499347+02:00,True,,karkaryuri,Karkar-Yuri,Karkar-Yuri,,False,sf38847,ce8e8e8,
190,2014-09-11T12:23:40.145865+02:00,2014-09-11T12:37:51.499893+02:00,True,,karok,Karok,Karok,,False,sf3ffb0,ced9c07,hoka
191,2014-09-11T12:23:40.146476+02:00,2014-09-11T12:37:51.500394+02:00,True,,kartvelian,Kartvelian,Kartvelian,,False,sfe3856,cefe305,kart
192,2014-09-11T12:23:40.147122+02:00,2014-09-11T12:37:51.500885+02:00,True,,katukinan,Katukinan,Katukinan,,False,sff0000,cf38847,katk
193,2014-09-11T12:23:40.147764+02:00,2014-09-11T12:37:51.501367+02:00,True,,kaure,Kaure,Kaure,,False,sff00ff,cf3ffb0,
194,2014-09-11T12:23:40.148385+02:00,2014-09-11T12:37:51.501828+02:00,True,,kayagar,Kayagar,Kayagar,,False,sff4400,cfe3856,
195,2014-09-11T12:23:40.149012+02:00,2014-09-11T12:37:51.502414+02:00,True,,keresan,Keresan,Keresan,,False,sff66ff,cff0000,kere
196,2014-09-11T12:23:40.149643+02:00,2014-09-11T12:37:51.502989+02:00,True,,centralkhoisan,Central Khoisan,Khoisan,,False,sffcc00,cffcc00,khoi
197,2014-09-11T12:23:40.150406+02:00,2014-09-11T12:37:51.503517+02:00,True,,southernkhoisan,Southern Khoisan,Khoisan,,False,sffcc00,cffffcc,khoi
198,2014-09-11T12:23:40.151167+02:00,2014-09-11T12:37:51.504032+02:00,True,,northernkhoisan,Northern Khoisan,Khoisan,,False,sffcc00,cff00ff,khoi
199,2014-09-11T12:23:40.151904+02:00,2014-09-11T12:37:51.504569+02:00,True,,hoan,=|Hoan,Khoisan,,False,sffcc00,cff66ff,
200,2014-09-11T12:23:40.152650+02:00,2014-09-11T12:37:51.505061+02:00,True,,sandawe,Sandawe,Khoisan,,False,sffcc00,cff4400,khoi
201,2014-09-11T12:23:40.153373+02:00,2014-09-11T12:37:51.505568+02:00,True,,kiowatanoan,Kiowa-Tanoan,Kiowa-Tanoan,,False,sffffcc,s000000,kita
202,2014-09-11T12:23:40.154084+02:00,2014-09-11T12:37:51.506103+02:00,True,,kiwaian,Kiwaian,Kiwaian,,False,t000000,s0000ff,trng
203,2014-09-11T12:23:40.154785+02:00,2014-09-11T12:37:51.506617+02:00,True,,kolopom,Kolopom,Kolopom,,False,t0000ff,s4d6cee,trng
204,2014-09-11T12:23:40.155458+02:00,2014-09-11T12:37:51.507115+02:00,True,,korean,Korean,Korean,,False,t4d6cee,s66ff33,asis
205,2014-09-11T12:23:40.156142+02:00,2014-09-11T12:37:51.507583+02:00,True,,kunza,Kunza,Kunza,,False,t66ff33,s9999ff,saun
206,2014-09-11T12:23:40.156744+02:00,2014-09-11T12:37:51.508047+02:00,True,,kuot,Kuot,Kuot,,False,t9999ff,s99ffff,epap
207,2014-09-11T12:23:40.157393+02:00,2014-09-11T12:37:51.508481+02:00,True,,kusunda,Kusunda,Kusunda,,False,t99ffff,sa0fb75,sitb
208,2014-09-11T12:23:40.158198+02:00,2014-09-11T12:37:51.508915+02:00,True,,kutenai,Kutenai,Kutenai,,False,ta0fb75,saa0000,
209,2014-09-11T12:23:40.158944+02:00,2014-09-11T12:37:51.509347+02:00,True,,kwaza,Kwaza,Kwaza,,False,taa0000,scb9a34,
210,2014-09-11T12:23:40.159641+02:00,2014-09-11T12:37:51.509775+02:00,True,,kwerba,Kwerba,Kwerba,,False,tcb9a34,sd22257,
211,2014-09-11T12:23:40.160339+02:00,2014-09-11T12:37:51.510202+02:00,True,,kwomtari,Kwomtari,Kwomtari-Baibai,,False,td22257,sed9c07,
212,2014-09-11T12:23:40.160997+02:00,2014-09-11T12:37:51.510826+02:00,True,,fas,Fas,Kwomtari-Baibai,,False,td22257,se8e8e8,
213,2014-09-11T12:23:40.161653+02:00,2014-09-11T12:37:51.511318+02:00,True,,laal,Laal,Laal,,False,te8e8e8,sefe305,
214,2014-09-11T12:23:40.162380+02:00,2014-09-11T12:37:51.511909+02:00,True,,lakesplain,Lakes Plain,Lakes Plain,,False,ted9c07,sf38847,
215,2014-09-11T12:23:40.163049+02:00,2014-09-11T12:37:51.512583+02:00,True,,leftmay,Left May,Left May,,False,tefe305,sf3ffb0,
216,2014-09-11T12:23:40.163664+02:00,2014-09-11T12:37:51.513223+02:00,True,,leko,Leko,Leko,,False,tf38847,sfe3856,saso
217,2014-09-11T12:23:40.164283+02:00,2014-09-11T12:37:51.513773+02:00,True,,lowersepik,Lower Sepik,Lower Sepik-Ramu,,False,tf3ffb0,sffcc00,
218,2014-09-11T12:23:40.164896+02:00,2014-09-11T12:37:51.514290+02:00,True,,botin,Botin,Lower Sepik-Ramu,,False,tf3ffb0,sff0000,
219,2014-09-11T12:23:40.165507+02:00,2014-09-11T12:37:51.514804+02:00,True,,annaberg,Annaberg,Lower Sepik-Ramu,,False,tf3ffb0,sff66ff,
220,2014-09-11T12:23:40.166175+02:00,2014-09-11T12:37:51.515271+02:00,True,,mikarew,Mikarew,Lower Sepik-Ramu,,False,tf3ffb0,sff00ff,
221,2014-09-11T12:23:40.166851+02:00,2014-09-11T12:37:51.515743+02:00,True,,lowerramu,Lower Ramu,Lower Sepik-Ramu,,False,tf3ffb0,sff4400,
222,2014-09-11T12:23:40.167470+02:00,2014-09-11T12:37:51.516200+02:00,True,,lule,Lule,Lule,,False,tfe3856,sffffcc,
223,2014-09-11T12:23:40.168111+02:00,2014-09-11T12:37:51.516651+02:00,True,,yate,Yatê,Macro-Ge,,False,tff0000,taa0000,macg
224,2014-09-11T12:23:40.168750+02:00,2014-09-11T12:37:51.517094+02:00,True,,gekaingang,Ge-Kaingang,Macro-Ge,,False,tff0000,t000000,macg
225,2014-09-11T12:23:40.169381+02:00,2014-09-11T12:37:51.517532+02:00,True,,maxakali,Maxakalí,Macro-Ge,,False,tff0000,t99ffff,macg
226,2014-09-11T12:23:40.170007+02:00,2014-09-11T12:37:51.517966+02:00,True,,botocudo,Botocudo,Macro-Ge,,False,tff0000,t9999ff,macg
227,2014-09-11T12:23:40.170632+02:00,2014-09-11T12:37:51.518399+02:00,True,,guato,Guató,Macro-Ge,,False,tff0000,ta0fb75,macg
228,2014-09-11T12:23:40.171251+02:00,2014-09-11T12:37:51.518906+02:00,True,,bororo,Bororo,Macro-Ge,,False,tff0000,t0000ff,macg
229,2014-09-11T12:23:40.171849+02:00,2014-09-11T12:37:51.519340+02:00,True,,karaja,Karajá,Macro-Ge,,False,tff0000,t4d6cee,macg
230,2014-09-11T12:23:40.172458+02:00,2014-09-11T12:37:51.519776+02:00,True,,rikbaktsa,Rikbaktsa,Macro-Ge,,False,tff0000,t66ff33,macg
231,2014-09-11T12:23:40.173055+02:00,2014-09-11T12:37:51.520227+02:00,True,,maku,Máku,Máku,,False,tff00ff,tcb9a34,
232,2014-09-11T12:23:40.173322+02:00,2014-09-11T12:37:51.520652+02:00,True,,marindproper,Marind Proper,Marind,,False,tff4400,td22257,
233,2014-09-11T12:23:40.174072+02:00,2014-09-11T12:37:51.521082+02:00,True,,southbirdshead,South Bird's Head,Marind,,False,tff4400,te8e8e8,trng
234,2014-09-11T12:23:40.174864+02:00,2014-09-11T12:37:51.521512+02:00,True,,mascoian,Mascoian,Mascoian,,False,tff66ff,ted9c07,
235,2014-09-11T12:23:40.175598+02:00,2014-09-11T12:37:51.521939+02:00,True,,matacoan,Matacoan,Matacoan,,False,tffcc00,tefe305,mgua
236,2014-09-11T12:23:40.176377+02:00,2014-09-11T12:37:51.522444+02:00,True,,mayan,Mayan,Mayan,,False,tffffcc,tf38847,maya
237,2014-09-11T12:23:40.177103+02:00,2014-09-11T12:37:51.523074+02:00,True,,misumalpan,Misumalpan,Misumalpan,,False,f000000,tf3ffb0,misu
238,2014-09-11T12:23:40.177854+02:00,2014-09-11T12:37:51.523750+02:00,True,,mixezoque,Mixe-Zoque,Mixe-Zoque,,False,f4d6cee,tff0000,mizo
240,2014-09-11T12:23:40.179330+02:00,2014-09-11T12:37:51.524952+02:00,True,,monumbo,Monumbo,Monumbo,,False,f9999ff,tff4400,
241,2014-09-11T12:23:40.180041+02:00,2014-09-11T12:37:51.525554+02:00,True,,moreheadanduppermarorivers,Morehead and Upper Maro Rivers,Morehead and Upper Maro Rivers,,False,fa0fb75,tffcc00,
242,2014-09-11T12:23:40.180780+02:00,2014-09-11T12:37:51.526173+02:00,True,,morwap,Morwap,Morwap,,False,faa0000,tffffcc,
243,2014-09-11T12:23:40.181534+02:00,2014-09-11T12:37:51.526745+02:00,True,,mosetenan,Mosetenan,Mosetenan,,False,fcb9a34,f000000,saso
244,2014-09-11T12:23:40.182259+02:00,2014-09-11T12:37:51.527417+02:00,True,,movima,Movima,Movima,,False,fd22257,f0000ff,saso
245,2014-09-11T12:23:40.182971+02:00,2014-09-11T12:37:51.527930+02:00,True,,mura,Mura,Mura,,False,fed9c07,f66ff33,mura
246,2014-09-11T12:23:40.183647+02:00,2014-09-11T12:37:51.528427+02:00,True,,muskogean,Muskogean,Muskogean,,False,fefe305,f9999ff,musk
247,2014-09-11T12:23:40.184312+02:00,2014-09-11T12:37:51.528894+02:00,True,,nadahup,Nadahup,Nadahup,,False,ff38847,f99ffff,maku
248,2014-09-11T12:23:40.185042+02:00,2014-09-11T12:37:51.529345+02:00,True,,athapaskan,Athapaskan,Na-Dene,,False,ff3ffb0,faa0000,nadn
249,2014-09-11T12:23:40.185817+02:00,2014-09-11T12:37:51.529859+02:00,True,,tlingit,Tlingit,Na-Dene,,False,ff3ffb0,fa0fb75,nadn
250,2014-09-11T12:23:40.186512+02:00,2014-09-11T12:37:51.530302+02:00,True,,eyak,Eyak,Na-Dene,,False,ff3ffb0,fcb9a34,nadn
251,2014-09-11T12:23:40.187210+02:00,2014-09-11T12:37:51.530793+02:00,True,,nahali,Nahali,Nahali,,False,ffe3856,fd22257,
252,2014-09-11T12:23:40.187862+02:00,2014-09-11T12:37:51.531268+02:00,True,,lakdargwa,Lak-Dargwa,Nakh-Daghestanian,,False,fff0000,fe8e8e8,ncau
253,2014-09-11T12:23:40.188532+02:00,2014-09-11T12:37:51.531734+02:00,True,,lezgic,Lezgic,Nakh-Daghestanian,,False,fff0000,fed9c07,ncau
254,2014-09-11T12:23:40.189322+02:00,2014-09-11T12:37:51.532199+02:00,True,,nakh,Nakh,Nakh-Daghestanian,,False,fff0000,fefe305,ncau
255,2014-09-11T12:23:40.190024+02:00,2014-09-11T12:37:51.532640+02:00,True,,avarandictsezic,Avar-Andic-Tsezic,Nakh-Daghestanian,,False,fff0000,ff38847,ncau
256,2014-09-11T12:23:40.190797+02:00,2014-09-11T12:37:51.533088+02:00,True,,nambikuaran,Nambikuaran,Nambikuaran,,False,fff00ff,ff3ffb0,namb
257,2014-09-11T12:23:40.191616+02:00,2014-09-11T12:37:51.533668+02:00,True,,natchez,Natchez,Natchez,,False,fff4400,ffe3856,
258,2014-09-11T12:23:40.192443+02:00,2014-09-11T12:37:51.534221+02:00,True,,igboid,Igboid,Niger-Congo,,False,fff66ff,fff00ff,ncon
259,2014-09-11T12:23:40.193233+02:00,2014-09-11T12:37:51.534829+02:00,True,,easternmande,Eastern Mande,Niger-Congo,,False,fff66ff,fff4400,ncon
260,2014-09-11T12:23:40.193873+02:00,2014-09-11T12:37:51.535351+02:00,True,,bantoid,Bantoid,Niger-Congo,,False,fff66ff,fff66ff,ncon
261,2014-09-11T12:23:40.194471+02:00,2014-09-11T12:37:51.535894+02:00,True,,kwa,Kwa,Niger-Congo,,False,fff66ff,fffcc00,ncon
262,2014-09-11T12:23:40.195187+02:00,2014-09-11T12:37:51.536419+02:00,True,,northernatlantic,Northern Atlantic,Niger-Congo,,False,fff66ff,fffffcc,ncon
263,2014-09-11T12:23:40.195849+02:00,2014-09-11T12:37:51.536938+02:00,True,,kru,Kru,Niger-Congo,,False,fff66ff,d000000,ncon
264,2014-09-11T12:23:40.196580+02:00,2014-09-11T12:37:51.537440+02:00,True,,nupoid,Nupoid,Niger-Congo,,False,fff66ff,d0000ff,ncon
265,2014-09-11T12:23:40.197224+02:00,2014-09-11T12:37:51.537913+02:00,True,,adamawa,Adamawa,Niger-Congo,,False,fff66ff,d4d6cee,ncon
266,2014-09-11T12:23:40.197980+02:00,2014-09-11T12:37:51.538375+02:00,True,,tegem,Tegem,Niger-Congo,,False,fff66ff,d66ff33,
267,2014-09-11T12:23:40.198794+02:00,2014-09-11T12:37:51.538841+02:00,True,,talodiproper,Talodi Proper,Niger-Congo,,False,fff66ff,d9999ff,ncon
268,2014-09-11T12:23:40.199472+02:00,2014-09-11T12:37:51.539293+02:00,True,,rashad,Rashad,Niger-Congo,,False,fff66ff,d99ffff,
269,2014-09-11T12:23:40.200177+02:00,2014-09-11T12:37:51.539739+02:00,True,,platoid,Platoid,Niger-Congo,,False,fff66ff,da0fb75,ncon
270,2014-09-11T12:23:40.200847+02:00,2014-09-11T12:37:51.540198+02:00,True,,katlatima,Katla-Tima,Niger-Congo,,False,fff66ff,daa0000,
271,2014-09-11T12:23:40.201501+02:00,2014-09-11T12:37:51.540643+02:00,True,,heiban,Heiban,Niger-Congo,,False,fff66ff,dcb9a34,ncon
272,2014-09-11T12:23:40.202268+02:00,2014-09-11T12:37:51.541081+02:00,True,,kainji,Kainji,Niger-Congo,,False,fff66ff,fff0000,ncon
273,2014-09-11T12:23:40.202991+02:00,2014-09-11T12:37:51.541515+02:00,True,,ubangi,Ubangi,Niger-Congo,,False,fff66ff,dd22257,ncon
274,2014-09-11T12:23:40.203661+02:00,2014-09-11T12:37:51.541945+02:00,True,,ijoid,Ijoid,Niger-Congo,,False,fff66ff,de8e8e8,ncon
275,2014-09-11T12:23:40.204315+02:00,2014-09-11T12:37:51.542380+02:00,True,,idomoid,Idomoid,Niger-Congo,,False,fff66ff,ded9c07,ncon
276,2014-09-11T12:23:40.204941+02:00,2014-09-11T12:37:51.542922+02:00,True,,gur,Gur,Niger-Congo,,False,fff66ff,defe305,ncon
277,2014-09-11T12:23:40.205557+02:00,2014-09-11T12:37:51.543426+02:00,True,,westernmande,Western Mande,Niger-Congo,,False,fff66ff,df38847,ncon
278,2014-09-11T12:23:40.206176+02:00,2014-09-11T12:37:51.543989+02:00,True,,crossriver,Cross River,Niger-Congo,,False,fff66ff,df3ffb0,ncon
279,2014-09-11T12:23:40.206902+02:00,2014-09-11T12:37:51.544569+02:00,True,,defoid,Defoid,Niger-Congo,,False,fff66ff,dfe3856,ncon
280,2014-09-11T12:23:40.207521+02:00,2014-09-11T12:37:51.545091+02:00,True,,edoid,Edoid,Niger-Congo,,False,fff66ff,dff0000,ncon
281,2014-09-11T12:23:40.208164+02:00,2014-09-11T12:37:51.545635+02:00,True,,dogon,Dogon,Niger-Congo,,False,fff66ff,dff00ff,ncon
282,2014-09-11T12:23:40.208803+02:00,2014-09-11T12:37:51.546274+02:00,True,,temein,Temein,Nilo-Saharan,,False,fffcc00,c990099,nsah
283,2014-09-11T12:23:40.209436+02:00,2014-09-11T12:37:51.546988+02:00,True,,easternjebel,Eastern Jebel,Nilo-Saharan,,False,fffcc00,c00ff00,nsah
284,2014-09-11T12:23:40.210072+02:00,2014-09-11T12:37:51.547846+02:00,True,,lendu,Lendu,Nilo-Saharan,,False,fffcc00,tffffff,nsah
285,2014-09-11T12:23:40.210703+02:00,2014-09-11T12:37:51.548562+02:00,True,,koman,Koman,Nilo-Saharan,,False,fffcc00,c009900,nsah
286,2014-09-11T12:23:40.211327+02:00,2014-09-11T12:37:51.549273+02:00,True,,kresh,Kresh,Nilo-Saharan,,False,fffcc00,t00ff00,nsah
287,2014-09-11T12:23:40.211688+02:00,2014-09-11T12:37:51.549848+02:00,True,,nyimang,Nyimang,Nilo-Saharan,,False,fffcc00,cdd0000,nsah
288,2014-09-11T12:23:40.212522+02:00,2014-09-11T12:37:51.550375+02:00,True,,mangbutuefe,Mangbutu-Efe,Nilo-Saharan,,False,fffcc00,cffff00,nsah
289,2014-09-11T12:23:40.213266+02:00,2014-09-11T12:37:51.550897+02:00,True,,morumadi,Moru-Ma'di,Nilo-Saharan,,False,fffcc00,cffffff,nsah
290,2014-09-11T12:23:40.213960+02:00,2014-09-11T12:37:51.551348+02:00,True,,bongobagirmi,Bongo-Bagirmi,Nilo-Saharan,,False,fffcc00,c00ffff,nsah
291,2014-09-11T12:23:40.214659+02:00,2014-09-11T12:37:51.551791+02:00,True,,fur,Fur,Nilo-Saharan,,False,fffcc00,ccccccc,nsah
292,2014-09-11T12:23:40.215385+02:00,2014-09-11T12:37:51.552281+02:00,True,,nubian,Nubian,Nilo-Saharan,,False,fffcc00,cff6600,nsah
293,2014-09-11T12:23:40.216132+02:00,2014-09-11T12:37:51.552722+02:00,True,,songhay,Songhay,Nilo-Saharan,,False,fffcc00,tffff00,nsah
294,2014-09-11T12:23:40.216833+02:00,2014-09-11T12:37:51.553447+02:00,True,,westernsaharan,Western Saharan,Nilo-Saharan,,False,fffcc00,tdd0000,nsah
295,2014-09-11T12:23:40.217617+02:00,2014-09-11T12:37:51.554030+02:00,True,,shabo,Shabo,Nilo-Saharan,,False,fffcc00,t990099,nsah
296,2014-09-11T12:23:40.218414+02:00,2014-09-11T12:37:51.554577+02:00,True,,taman,Taman,Nilo-Saharan,,False,fffcc00,t009900,nsah
297,2014-09-11T12:23:40.219248+02:00,2014-09-11T12:37:51.555204+02:00,True,,easternsaharan,Eastern Saharan,Nilo-Saharan,,False,fffcc00,t0000dd,nsah
298,2014-09-11T12:23:40.220048+02:00,2014-09-11T12:37:51.555829+02:00,True,,maban,Maban,Nilo-Saharan,,False,fffcc00,sff6600,nsah
299,2014-09-11T12:23:40.220834+02:00,2014-09-11T12:37:51.556440+02:00,True,,nara,Nara,Nilo-Saharan,,False,fffcc00,scccccc,nsah
300,2014-09-11T12:23:40.221548+02:00,2014-09-11T12:37:51.557043+02:00,True,,mangbetu,Mangbetu,Nilo-Saharan,,False,fffcc00,s00ffff,nsah
301,2014-09-11T12:23:40.222217+02:00,2014-09-11T12:37:51.557641+02:00,True,,kuliak,Kuliak,Nilo-Saharan,,False,fffcc00,s00ff00,nsah
302,2014-09-11T12:23:40.222910+02:00,2014-09-11T12:37:51.558172+02:00,True,,kunama,Kunama,Nilo-Saharan,,False,fffcc00,sffffff,nsah
303,2014-09-11T12:23:40.223681+02:00,2014-09-11T12:37:51.558668+02:00,True,,daju,Daju,Nilo-Saharan,,False,fffcc00,sffff00,nsah
304,2014-09-11T12:23:40.224399+02:00,2014-09-11T12:37:51.559128+02:00,True,,berta,Berta,Nilo-Saharan,,False,fffcc00,sdd0000,nsah
305,2014-09-11T12:23:40.225041+02:00,2014-09-11T12:37:51.559772+02:00,True,,nilotic,Nilotic,Nilo-Saharan,,False,fffcc00,s990099,nsah
306,2014-09-11T12:23:40.225673+02:00,2014-09-11T12:37:51.560412+02:00,True,,gumuz,Gumuz,Nilo-Saharan,,False,fffcc00,s009900,nsah
307,2014-09-11T12:23:40.226298+02:00,2014-09-11T12:37:51.561027+02:00,True,,surmic,Surmic,Nilo-Saharan,,False,fffcc00,s0000dd,nsah
308,2014-09-11T12:23:40.227106+02:00,2014-09-11T12:37:51.561633+02:00,True,,nimboran,Nimboran,Nimboran,,False,fffffcc,t00ffff,trng
309,2014-09-11T12:23:40.227791+02:00,2014-09-11T12:37:51.562236+02:00,True,,nivkh,Nivkh,Nivkh,,False,d000000,tcccccc,asis
451,2014-09-11T12:23:40.310396+02:00,2014-09-11T12:37:51.633303+02:00,True,,permic,Permic,Uralic,,False,f990099,s990099,
310,2014-09-11T12:23:40.228444+02:00,2014-09-11T12:37:51.562910+02:00,True,,northwestcaucasian,Northwest Caucasian,Northwest Caucasian,,False,d0000ff,tff6600,ncau
311,2014-09-11T12:23:40.229266+02:00,2014-09-11T12:37:51.563607+02:00,True,,oksapmin,Oksapmin,Oksapmin,,False,d4d6cee,f0000dd,
312,2014-09-11T12:23:40.230025+02:00,2014-09-11T12:37:51.564211+02:00,True,,coosan,Coosan,Oregon Coast,,False,d66ff33,f009900,
313,2014-09-11T12:23:40.230750+02:00,2014-09-11T12:37:51.564724+02:00,True,,alsea,Alsea,Oregon Coast,,False,d66ff33,fdd0000,
314,2014-09-11T12:23:40.231442+02:00,2014-09-11T12:37:51.565213+02:00,True,,siuslawan,Siuslawan,Oregon Coast,,False,d66ff33,f990099,
315,2014-09-11T12:23:40.232212+02:00,2014-09-11T12:37:51.565692+02:00,True,,signlanguages,Sign Languages,other,,False,d9999ff,fffffff,
316,2014-09-11T12:23:40.232969+02:00,2014-09-11T12:37:51.566168+02:00,True,,creolesandpidgins,Creoles and Pidgins,other,,False,d9999ff,fffff00,afpc
317,2014-09-11T12:23:40.233657+02:00,2014-09-11T12:37:51.566650+02:00,True,,zapotecan,Zapotecan,Oto-Manguean,,False,d99ffff,dffff00,otma
318,2014-09-11T12:23:40.234348+02:00,2014-09-11T12:37:51.567139+02:00,True,,subtiabatlapanec,Subtiaba-Tlapanec,Oto-Manguean,,False,d99ffff,ddd0000,subt
319,2014-09-11T12:23:40.235137+02:00,2014-09-11T12:37:51.567580+02:00,True,,mixtecan,Mixtecan,Oto-Manguean,,False,d99ffff,d990099,otma
320,2014-09-11T12:23:40.235731+02:00,2014-09-11T12:37:51.568017+02:00,True,,chinantecan,Chinantecan,Oto-Manguean,,False,d99ffff,d009900,otma
321,2014-09-11T12:23:40.236328+02:00,2014-09-11T12:37:51.568490+02:00,True,,otomian,Otomian,Oto-Manguean,,False,d99ffff,d0000dd,otma
322,2014-09-11T12:23:40.237036+02:00,2014-09-11T12:37:51.568952+02:00,True,,amuzgoan,Amuzgoan,Oto-Manguean,,False,d99ffff,fff6600,otma
323,2014-09-11T12:23:40.237688+02:00,2014-09-11T12:37:51.569418+02:00,True,,pamean,Pamean,Oto-Manguean,,False,d99ffff,f00ffff,otma
324,2014-09-11T12:23:40.238461+02:00,2014-09-11T12:37:51.569882+02:00,True,,popolocan,Popolocan,Oto-Manguean,,False,d99ffff,f00ff00,otma
325,2014-09-11T12:23:40.239244+02:00,2014-09-11T12:37:51.570341+02:00,True,,chichimec,Chichimec,Oto-Manguean,,False,d99ffff,fcccccc,
326,2014-09-11T12:23:40.240021+02:00,2014-09-11T12:37:51.570826+02:00,True,,paezan,Páezan,Páezan,,False,da0fb75,dffffff,saso
327,2014-09-11T12:23:40.240791+02:00,2014-09-11T12:37:51.571255+02:00,True,,panoan,Panoan,Panoan,,False,daa0000,d00ff00,pano
328,2014-09-11T12:23:40.241477+02:00,2014-09-11T12:37:51.571680+02:00,True,,pebayaguan,Peba-Yaguan,Peba-Yaguan,,False,dcb9a34,d00ffff,pbya
329,2014-09-11T12:23:40.242129+02:00,2014-09-11T12:37:51.572108+02:00,True,,yokuts,Yokuts,Penutian,,False,dd22257,ca0fb75,
330,2014-09-11T12:23:40.242869+02:00,2014-09-11T12:37:51.572607+02:00,True,,maiduan,Maiduan,Penutian,,False,dd22257,caa0000,penu
331,2014-09-11T12:23:40.243496+02:00,2014-09-11T12:37:51.573059+02:00,True,,chinookan,Chinookan,Penutian,,False,dd22257,dcccccc,
332,2014-09-11T12:23:40.244108+02:00,2014-09-11T12:37:51.573489+02:00,True,,costanoan,Costanoan,Penutian,,False,dd22257,dff6600,
333,2014-09-11T12:23:40.244717+02:00,2014-09-11T12:37:51.573925+02:00,True,,sahaptian,Sahaptian,Penutian,,False,dd22257,c9999ff,penu
334,2014-09-11T12:23:40.245321+02:00,2014-09-11T12:37:51.574379+02:00,True,,wintuan,Wintuan,Penutian,,False,dd22257,c99ffff,penu
335,2014-09-11T12:23:40.245920+02:00,2014-09-11T12:37:51.574838+02:00,True,,miwok,Miwok,Penutian,,False,dd22257,c66ff33,penu
336,2014-09-11T12:23:40.246520+02:00,2014-09-11T12:37:51.575304+02:00,True,,molala,Molala,Penutian,,False,dd22257,c4d6cee,penu
337,2014-09-11T12:23:40.247389+02:00,2014-09-11T12:37:51.575872+02:00,True,,tsimshianic,Tsimshianic,Penutian,,False,dd22257,c0000ff,penu
338,2014-09-11T12:23:40.248418+02:00,2014-09-11T12:37:51.576505+02:00,True,,klamathmodoc,Klamath-Modoc,Penutian,,False,dd22257,c000000,penu
339,2014-09-11T12:23:40.249143+02:00,2014-09-11T12:37:51.577094+02:00,True,,puinave,Puinave,Puinave,,False,ded9c07,cd22257,saso
340,2014-09-11T12:23:40.249827+02:00,2014-09-11T12:37:51.577637+02:00,True,,puquina,Puquina,Puquina,,False,defe305,ce8e8e8,
341,2014-09-11T12:23:40.250599+02:00,2014-09-11T12:37:51.578162+02:00,True,,quechuan,Quechuan,Quechuan,,False,df3ffb0,cefe305,quch
342,2014-09-11T12:23:40.251272+02:00,2014-09-11T12:37:51.578677+02:00,True,,saliba,Sáliba,Sáliban,,False,dfe3856,cf38847,slvn
343,2014-09-11T12:23:40.252119+02:00,2014-09-11T12:37:51.579306+02:00,True,,piaroa,Piaroa,Sáliban,,False,dfe3856,cf3ffb0,slvn
344,2014-09-11T12:23:40.252940+02:00,2014-09-11T12:37:51.579882+02:00,True,,salinan,Salinan,Salinan,,False,dff0000,cfe3856,
345,2014-09-11T12:23:40.253682+02:00,2014-09-11T12:37:51.580413+02:00,True,,centralsalish,Central Salish,Salishan,,False,dff00ff,cff00ff,sali
346,2014-09-11T12:23:40.254388+02:00,2014-09-11T12:37:51.580917+02:00,True,,tillamook,Tillamook,Salishan,,False,dff00ff,cff4400,
347,2014-09-11T12:23:40.255073+02:00,2014-09-11T12:37:51.581407+02:00,True,,interiorsalish,Interior Salish,Salishan,,False,dff00ff,cff66ff,sali
348,2014-09-11T12:23:40.255656+02:00,2014-09-11T12:37:51.581890+02:00,True,,bellacoola,Bella Coola,Salishan,,False,dff00ff,cffcc00,sali
349,2014-09-11T12:23:40.256322+02:00,2014-09-11T12:37:51.582367+02:00,True,,tsamosan,Tsamosan,Salishan,,False,dff00ff,cff0000,sali
350,2014-09-11T12:23:40.257018+02:00,2014-09-11T12:37:51.582883+02:00,True,,senagi,Senagi,Senagi,,False,dff4400,cffffcc,trng
351,2014-09-11T12:23:40.257701+02:00,2014-09-11T12:37:51.583327+02:00,True,,sentani,Sentani,Sentani,,False,dff66ff,s000000,trng
352,2014-09-11T12:23:40.258354+02:00,2014-09-11T12:37:51.583778+02:00,True,,uppersepik,Upper Sepik,Sepik,,False,dffcc00,sa0fb75,sepr
353,2014-09-11T12:23:40.259139+02:00,2014-09-11T12:37:51.584271+02:00,True,,middlesepik,Middle Sepik,Sepik,,False,dffcc00,s66ff33,sepr
354,2014-09-11T12:23:40.259897+02:00,2014-09-11T12:37:51.584759+02:00,True,,ram,Ram,Sepik,,False,dffcc00,s0000ff,sepr
355,2014-09-11T12:23:40.260568+02:00,2014-09-11T12:37:51.585193+02:00,True,,sepikhill,Sepik Hill,Sepik,,False,dffcc00,s9999ff,sepr
356,2014-09-11T12:23:40.261202+02:00,2014-09-11T12:37:51.585621+02:00,True,,tamasepik,Tama Sepik,Sepik,,False,dffcc00,s99ffff,sepr
357,2014-09-11T12:23:40.261846+02:00,2014-09-11T12:37:51.586047+02:00,True,,yellowriver,Yellow River,Sepik,,False,dffcc00,s4d6cee,sepr
358,2014-09-11T12:23:40.262467+02:00,2014-09-11T12:37:51.586505+02:00,True,,shompen,Shompen,Shompen,,False,dffffcc,saa0000,
359,2014-09-11T12:23:40.263110+02:00,2014-09-11T12:37:51.586951+02:00,True,,westernarunachal,Western Arunachal,Sino-Tibetan,,False,c0000dd,t66ff33,
360,2014-09-11T12:23:40.263729+02:00,2014-09-11T12:37:51.587412+02:00,True,,chinese,Chinese,Sino-Tibetan,,False,c0000dd,sfe3856,sitb
361,2014-09-11T12:23:40.264340+02:00,2014-09-11T12:37:51.587868+02:00,True,,digaroan,Digaroan,Sino-Tibetan,,False,c0000dd,t9999ff,
362,2014-09-11T12:23:40.265004+02:00,2014-09-11T12:37:51.588322+02:00,True,,karen,Karen,Sino-Tibetan,,False,c0000dd,t4d6cee,sitb
363,2014-09-11T12:23:40.265777+02:00,2014-09-11T12:37:51.588775+02:00,True,,lepcha,Lepcha,Sino-Tibetan,,False,c0000dd,sf3ffb0,sitb
364,2014-09-11T12:23:40.266497+02:00,2014-09-11T12:37:51.589227+02:00,True,,burmeselolo,Burmese-Lolo,Sino-Tibetan,,False,c0000dd,sf38847,sitb
365,2014-09-11T12:23:40.267258+02:00,2014-09-11T12:37:51.589681+02:00,True,,bai,Bai,Sino-Tibetan,,False,c0000dd,sefe305,sitb
366,2014-09-11T12:23:40.267952+02:00,2014-09-11T12:37:51.590132+02:00,True,,tani,Tani,Sino-Tibetan,,False,c0000dd,sed9c07,sitb
367,2014-09-11T12:23:40.268824+02:00,2014-09-11T12:37:51.590700+02:00,True,,bodogaro,Bodo-Garo,Sino-Tibetan,,False,c0000dd,se8e8e8,sitb
368,2014-09-11T12:23:40.269462+02:00,2014-09-11T12:37:51.591182+02:00,True,,naxi,Naxi,Sino-Tibetan,,False,c0000dd,sd22257,sitb
369,2014-09-11T12:23:40.270167+02:00,2014-09-11T12:37:51.591610+02:00,True,,nungish,Nungish,Sino-Tibetan,,False,c0000dd,scb9a34,
370,2014-09-11T12:23:40.270972+02:00,2014-09-11T12:37:51.592037+02:00,True,,kukichin,Kuki-Chin,Sino-Tibetan,,False,c0000dd,t0000ff,sitb
371,2014-09-11T12:23:40.271740+02:00,2014-09-11T12:37:51.592463+02:00,True,,qiangic,Qiangic,Sino-Tibetan,,False,c0000dd,t000000,
372,2014-09-11T12:23:40.272503+02:00,2014-09-11T12:37:51.592919+02:00,True,,northernnaga,Northern Naga,Sino-Tibetan,,False,c0000dd,sffffcc,sitb
373,2014-09-11T12:23:40.273186+02:00,2014-09-11T12:37:51.593350+02:00,True,,bodic,Bodic,Sino-Tibetan,,False,c0000dd,sffcc00,sitb
374,2014-09-11T12:23:40.273841+02:00,2014-09-11T12:37:51.593865+02:00,True,,rgyalrong,rGyalrong,Sino-Tibetan,,False,c0000dd,sff66ff,sitb
375,2014-09-11T12:23:40.274494+02:00,2014-09-11T12:37:51.594459+02:00,True,,siouan,Siouan,Siouan,,False,c009900,t99ffff,siou
376,2014-09-11T12:23:40.275146+02:00,2014-09-11T12:37:51.595090+02:00,True,,westernskou,Western Skou,Skou,,False,c990099,td22257,skoo
377,2014-09-11T12:23:40.275763+02:00,2014-09-11T12:37:51.595605+02:00,True,,serrahills,Serra Hills,Skou,,False,c990099,ta0fb75,
378,2014-09-11T12:23:40.276372+02:00,2014-09-11T12:37:51.596104+02:00,True,,warapu,Warapu,Skou,,False,c990099,taa0000,
379,2014-09-11T12:23:40.277043+02:00,2014-09-11T12:37:51.596700+02:00,True,,krisa,Krisa,Skou,,False,c990099,tcb9a34,skoo
380,2014-09-11T12:23:40.277643+02:00,2014-09-11T12:37:51.597248+02:00,True,,lavukaleve,Lavukaleve,Solomons East Papuan,,False,cdd0000,ted9c07,epap
381,2014-09-11T12:23:40.278238+02:00,2014-09-11T12:37:51.597794+02:00,True,,savosavo,Savosavo,Solomons East Papuan,,False,cdd0000,tefe305,epap
382,2014-09-11T12:23:40.279102+02:00,2014-09-11T12:37:51.598395+02:00,True,,bilua,Bilua,Solomons East Papuan,,False,cdd0000,te8e8e8,epap
383,2014-09-11T12:23:40.279875+02:00,2014-09-11T12:37:51.598904+02:00,True,,southandamanese,South Andamanese,South Andamanese,,False,cffff00,tf38847,anda
384,2014-09-11T12:23:40.280669+02:00,2014-09-11T12:37:51.599449+02:00,True,,sulka,Sulka,Sulka,,False,cffffff,tf3ffb0,
385,2014-09-11T12:23:40.281307+02:00,2014-09-11T12:37:51.600072+02:00,True,,sulung,Sulung,Sulung,,False,c00ff00,tfe3856,
386,2014-09-11T12:23:40.281813+02:00,2014-09-11T12:37:51.600644+02:00,True,,tacame,Tacame,Tacame,,False,c00ffff,tff0000,
387,2014-09-11T12:23:40.282315+02:00,2014-09-11T12:37:51.601167+02:00,True,,tacanan,Tacanan,Tacanan,,False,ccccccc,tff00ff,taca
388,2014-09-11T12:23:40.282950+02:00,2014-09-11T12:37:51.601652+02:00,True,,kamtai,Kam-Tai,Tai-Kadai,,False,cff6600,tffcc00,taik
389,2014-09-11T12:23:40.283703+02:00,2014-09-11T12:37:51.602131+02:00,True,,kadai,Kadai,Tai-Kadai,,False,cff6600,tff4400,taik
390,2014-09-11T12:23:40.284433+02:00,2014-09-11T12:37:51.602803+02:00,True,,hlai,Hlai,Tai-Kadai,,False,cff6600,tff66ff,
391,2014-09-11T12:23:40.285153+02:00,2014-09-11T12:37:51.603347+02:00,True,,takelma,Takelma,Takelma,,False,s0000dd,tffffcc,
392,2014-09-11T12:23:40.285864+02:00,2014-09-11T12:37:51.603924+02:00,True,,tarascan,Tarascan,Tarascan,,False,s009900,f000000,tara
393,2014-09-11T12:23:40.286588+02:00,2014-09-11T12:37:51.604486+02:00,True,,tasmanian,Tasmanian,Tasmanian,,False,s990099,f0000ff,
394,2014-09-11T12:23:40.287350+02:00,2014-09-11T12:37:51.605007+02:00,True,,taushiro,Taushiro,Taushiro,,False,sdd0000,f4d6cee,saso
395,2014-09-11T12:23:40.288115+02:00,2014-09-11T12:37:51.605512+02:00,True,,teberan,Teberan,Teberan-Pawaian,,False,sffff00,f9999ff,trng
396,2014-09-11T12:23:40.288831+02:00,2014-09-11T12:37:51.606071+02:00,True,,pawaian,Pawaian,Teberan-Pawaian,,False,sffff00,f66ff33,
397,2014-09-11T12:23:40.289544+02:00,2014-09-11T12:37:51.606621+02:00,True,,tequistlatecan,Tequistlatecan,Tequistlatecan,,False,sffffff,f99ffff,
398,2014-09-11T12:23:40.290312+02:00,2014-09-11T12:37:51.607175+02:00,True,,ticuna,Ticuna,Ticuna,,False,s00ff00,fa0fb75,saso
399,2014-09-11T12:23:40.291047+02:00,2014-09-11T12:37:51.607785+02:00,True,,kolanatanglapui,Kolana-Tanglapui,Timor-Alor-Pantar,,False,s00ffff,faa0000,
400,2014-09-11T12:23:40.291771+02:00,2014-09-11T12:37:51.608395+02:00,True,,makasaefatalukuoirata,Makasae-Fataluku-Oirata,Timor-Alor-Pantar,,False,s00ffff,fcb9a34,
401,2014-09-11T12:23:40.292490+02:00,2014-09-11T12:37:51.608931+02:00,True,,greateralor,Greater Alor,Timor-Alor-Pantar,,False,s00ffff,fd22257,trng
402,2014-09-11T12:23:40.293204+02:00,2014-09-11T12:37:51.609445+02:00,True,,timotecuica,Timote-Cuica,Timote-Cuica,,False,scccccc,fe8e8e8,
403,2014-09-11T12:23:40.293919+02:00,2014-09-11T12:37:51.609946+02:00,True,,timucua,Timucua,Timucua,,False,sff6600,fed9c07,
404,2014-09-11T12:23:40.294627+02:00,2014-09-11T12:37:51.610441+02:00,True,,tol,Tol,Tol,,False,t009900,ff38847,cais
405,2014-09-11T12:23:40.295362+02:00,2014-09-11T12:37:51.610941+02:00,True,,tonkawa,Tonkawa,Tonkawa,,False,t990099,ff3ffb0,coah
406,2014-09-11T12:23:40.296174+02:00,2014-09-11T12:37:51.611398+02:00,True,,orya,Orya,Tor-Orya,,False,tdd0000,ffe3856,
407,2014-09-11T12:23:40.297281+02:00,2014-09-11T12:37:51.611853+02:00,True,,tor,Tor,Tor-Orya,,False,tdd0000,fff0000,
408,2014-09-11T12:23:40.298282+02:00,2014-09-11T12:37:51.612335+02:00,True,,urim,Urim,Torricelli,,False,tffff00,fff4400,
409,2014-09-11T12:23:40.299017+02:00,2014-09-11T12:37:51.612769+02:00,True,,marienberg,Marienberg,Torricelli,,False,tffff00,fff66ff,torr
410,2014-09-11T12:23:40.299304+02:00,2014-09-11T12:37:51.613238+02:00,True,,westwapei,West Wapei,Torricelli,,False,tffff00,fffcc00,
411,2014-09-11T12:23:40.299559+02:00,2014-09-11T12:37:51.613697+02:00,True,,kombioarapesh,Kombio-Arapesh,Torricelli,,False,tffff00,fff00ff,torr
412,2014-09-11T12:23:40.299833+02:00,2014-09-11T12:37:51.614157+02:00,True,,wapeipalei,Wapei-Palei,Torricelli,,False,tffff00,fffffcc,torr
413,2014-09-11T12:23:40.300089+02:00,2014-09-11T12:37:51.614693+02:00,True,,totonacan,Totonacan,Totonacan,,False,tffffff,d000000,toto
414,2014-09-11T12:23:40.300366+02:00,2014-09-11T12:37:51.615251+02:00,True,,easternhighlands,Eastern Highlands,Trans-New Guinea,,False,t00ff00,d4d6cee,trng
415,2014-09-11T12:23:40.300624+02:00,2014-09-11T12:37:51.615716+02:00,True,,duna,Duna,Trans-New Guinea,,False,t00ff00,d66ff33,
416,2014-09-11T12:23:40.300878+02:00,2014-09-11T12:37:51.616141+02:00,True,,dani,Dani,Trans-New Guinea,,False,t00ff00,d9999ff,trng
417,2014-09-11T12:23:40.301131+02:00,2014-09-11T12:37:51.616565+02:00,True,,engan,Engan,Trans-New Guinea,,False,t00ff00,d99ffff,trng
418,2014-09-11T12:23:40.301386+02:00,2014-09-11T12:37:51.617012+02:00,True,,finisterrehuon,Finisterre-Huon,Trans-New Guinea,,False,t00ff00,da0fb75,trng
419,2014-09-11T12:23:40.301640+02:00,2014-09-11T12:37:51.617465+02:00,True,,goilalan,Goilalan,Trans-New Guinea,,False,t00ff00,daa0000,trng
420,2014-09-11T12:23:40.301901+02:00,2014-09-11T12:37:51.618018+02:00,True,,wissellakeskemandoga,Wissel Lakes-Kemandoga,Trans-New Guinea,,False,t00ff00,dcb9a34,trng
421,2014-09-11T12:23:40.302155+02:00,2014-09-11T12:37:51.618525+02:00,True,,madang,Madang,Trans-New Guinea,,False,t00ff00,dd22257,trng
422,2014-09-11T12:23:40.302407+02:00,2014-09-11T12:37:51.619010+02:00,True,,chimbu,Chimbu,Trans-New Guinea,,False,t00ff00,de8e8e8,trng
423,2014-09-11T12:23:40.302660+02:00,2014-09-11T12:37:51.619490+02:00,True,,koiarian,Koiarian,Trans-New Guinea,,False,t00ff00,ded9c07,trng
424,2014-09-11T12:23:40.302917+02:00,2014-09-11T12:37:51.620031+02:00,True,,fasu,Fasu,Trans-New Guinea,,False,t00ff00,defe305,trng
425,2014-09-11T12:23:40.303172+02:00,2014-09-11T12:37:51.620647+02:00,True,,ok,Ok,Trans-New Guinea,,False,t00ff00,df3ffb0,trng
426,2014-09-11T12:23:40.303424+02:00,2014-09-11T12:37:51.621222+02:00,True,,binanderean,Binanderean,Trans-New Guinea,,False,t00ff00,dfe3856,trng
427,2014-09-11T12:23:40.303676+02:00,2014-09-11T12:37:51.621787+02:00,True,,momuna,Momuna,Trans-New Guinea,,False,t00ff00,dff0000,
428,2014-09-11T12:23:40.303927+02:00,2014-09-11T12:37:51.622314+02:00,True,,kutubuan,Kutubuan,Trans-New Guinea,,False,t00ff00,dff00ff,
429,2014-09-11T12:23:40.304182+02:00,2014-09-11T12:37:51.622828+02:00,True,,awjudumut,Awju-Dumut,Trans-New Guinea,,False,t00ff00,dff4400,trng
430,2014-09-11T12:23:40.304434+02:00,2014-09-11T12:37:51.623345+02:00,True,,mek,Mek,Trans-New Guinea,,False,t00ff00,dff66ff,
431,2014-09-11T12:23:40.304685+02:00,2014-09-11T12:37:51.623841+02:00,True,,asmatkamoro,Asmat-Kamoro,Trans-New Guinea,,False,t00ff00,dffcc00,trng
432,2014-09-11T12:23:40.304935+02:00,2014-09-11T12:37:51.624332+02:00,True,,mairasitanahmerah,Mairasi-Tanahmerah,Trans-New Guinea,,False,t00ff00,c0000dd,
433,2014-09-11T12:23:40.305190+02:00,2014-09-11T12:37:51.624851+02:00,True,,angan,Angan,Trans-New Guinea,,False,t00ff00,dffffcc,trng
434,2014-09-11T12:23:40.305440+02:00,2014-09-11T12:37:51.625355+02:00,True,,mailuan,Mailuan,Trans-New Guinea,,False,t00ff00,d0000ff,
435,2014-09-11T12:23:40.305690+02:00,2014-09-11T12:37:51.625824+02:00,True,,trumai,Trumai,Trumai,,False,t00ffff,c009900,saso
436,2014-09-11T12:23:40.305940+02:00,2014-09-11T12:37:51.626411+02:00,True,,tucanoan,Tucanoan,Tucanoan,,False,tcccccc,c990099,tucn
437,2014-09-11T12:23:40.306192+02:00,2014-09-11T12:37:51.626944+02:00,True,,tunica,Tunica,Tunica,,False,tff6600,cdd0000,gulf
438,2014-09-11T12:23:40.306442+02:00,2014-09-11T12:37:51.627488+02:00,True,,tupari,Tupari,Tupian,,False,f0000dd,c00ff00,tupi
439,2014-09-11T12:23:40.306694+02:00,2014-09-11T12:37:51.627962+02:00,True,,monde,Monde,Tupian,,False,f0000dd,c00ffff,tupi
440,2014-09-11T12:23:40.307130+02:00,2014-09-11T12:37:51.628429+02:00,True,,ramarama,Ramarama,Tupian,,False,f0000dd,ccccccc,tupi
441,2014-09-11T12:23:40.307528+02:00,2014-09-11T12:37:51.628893+02:00,True,,tupiguarani,Tupi-Guaraní,Tupian,,False,f0000dd,cff6600,tupi
442,2014-09-11T12:23:40.307910+02:00,2014-09-11T12:37:51.629356+02:00,True,,arikem,Arikem,Tupian,,False,f0000dd,s0000dd,tupi
443,2014-09-11T12:23:40.308284+02:00,2014-09-11T12:37:51.629816+02:00,True,,munduruku,Munduruku,Tupian,,False,f0000dd,cffff00,tupi
444,2014-09-11T12:23:40.308550+02:00,2014-09-11T12:37:51.630245+02:00,True,,turamakikorian,Turama-Kikorian,Turama-Kikorian,,False,f009900,s009900,
445,2014-09-11T12:23:40.308805+02:00,2014-09-11T12:37:51.630674+02:00,True,,saami,Saami,Uralic,,False,f990099,scccccc,urlc
446,2014-09-11T12:23:40.309061+02:00,2014-09-11T12:37:51.631102+02:00,True,,samoyedic,Samoyedic,Uralic,,False,f990099,s00ffff,urlc
447,2014-09-11T12:23:40.309315+02:00,2014-09-11T12:37:51.631531+02:00,True,,ugric,Ugric,Uralic,,False,f990099,s00ff00,urlc
448,2014-09-11T12:23:40.309570+02:00,2014-09-11T12:37:51.631954+02:00,True,,finnic,Finnic,Uralic,,False,f990099,sffffff,urlc
449,2014-09-11T12:23:40.309825+02:00,2014-09-11T12:37:51.632403+02:00,True,,mari,Mari,Uralic,,False,f990099,sffff00,urlc
450,2014-09-11T12:23:40.310139+02:00,2014-09-11T12:37:51.632852+02:00,True,,mordvin,Mordvin,Uralic,,False,f990099,sdd0000,
452,2014-09-11T12:23:40.310653+02:00,2014-09-11T12:37:51.633756+02:00,True,,urarina,Urarina,Urarina,,False,fdd0000,sff6600,saso
453,2014-09-11T12:23:40.310922+02:00,2014-09-11T12:37:51.634280+02:00,True,,uruchipaya,Uru-Chipaya,Uru-Chipaya,,False,fffff00,t0000dd,urch
454,2014-09-11T12:23:40.311176+02:00,2014-09-11T12:37:51.634821+02:00,True,,corachol,Corachol,Uto-Aztecan,,False,fffffff,f0000dd,utaz
455,2014-09-11T12:23:40.311433+02:00,2014-09-11T12:37:51.635416+02:00,True,,tubar,Tubar,Uto-Aztecan,,False,fffffff,tff6600,
456,2014-09-11T12:23:40.311684+02:00,2014-09-11T12:37:51.635959+02:00,True,,hopi,Hopi,Uto-Aztecan,,False,fffffff,tcccccc,utaz
457,2014-09-11T12:23:40.311936+02:00,2014-09-11T12:37:51.636445+02:00,True,,takic,Takic,Uto-Aztecan,,False,fffffff,t00ffff,utaz
458,2014-09-11T12:23:40.312189+02:00,2014-09-11T12:37:51.636943+02:00,True,,cahita,Cahita,Uto-Aztecan,,False,fffffff,t00ff00,utaz
459,2014-09-11T12:23:40.312453+02:00,2014-09-11T12:37:51.637449+02:00,True,,aztecan,Aztecan,Uto-Aztecan,,False,fffffff,tdd0000,utaz
460,2014-09-11T12:23:40.313041+02:00,2014-09-11T12:37:51.637939+02:00,True,,numic,Numic,Uto-Aztecan,,False,fffffff,tffffff,utaz
461,2014-09-11T12:23:40.313639+02:00,2014-09-11T12:37:51.638420+02:00,True,,tepiman,Tepiman,Uto-Aztecan,,False,fffffff,tffff00,utaz
462,2014-09-11T12:23:40.314235+02:00,2014-09-11T12:37:51.638921+02:00,True,,tarahumaran,Tarahumaran,Uto-Aztecan,,False,fffffff,t990099,utaz
463,2014-09-11T12:23:40.314835+02:00,2014-09-11T12:37:51.639399+02:00,True,,tubatulabal,Tubatulabal,Uto-Aztecan,,False,fffffff,t009900,
464,2014-09-11T12:23:40.315403+02:00,2014-09-11T12:37:51.639871+02:00,True,,southernwakashan,Southern Wakashan,Wakashan,,False,f00ffff,fdd0000,waka
465,2014-09-11T12:23:40.315970+02:00,2014-09-11T12:37:51.640358+02:00,True,,northernwakashan,Northern Wakashan,Wakashan,,False,f00ffff,f990099,waka
466,2014-09-11T12:23:40.316518+02:00,2014-09-11T12:37:51.640833+02:00,True,,waorani,Waorani,Waorani,,False,fcccccc,fffff00,saso
467,2014-09-11T12:23:40.317178+02:00,2014-09-11T12:37:51.641263+02:00,True,,yukian,Yukian,Wappo-Yukian,,False,fff6600,fffffff,yuki
468,2014-09-11T12:23:40.317796+02:00,2014-09-11T12:37:51.641692+02:00,True,,wappo,Wappo,Wappo-Yukian,,False,fff6600,f00ff00,yuki
469,2014-09-11T12:23:40.318458+02:00,2014-09-11T12:37:51.642118+02:00,True,,warao,Warao,Warao,,False,d0000dd,f00ffff,saso
470,2014-09-11T12:23:40.319159+02:00,2014-09-11T12:37:51.642575+02:00,True,,washo,Washo,Washo,,False,d009900,fcccccc,hoka
471,2014-09-11T12:23:40.319773+02:00,2014-09-11T12:37:51.643028+02:00,True,,westbomberai,West Bomberai,West Bomberai,,False,d990099,fff6600,
472,2014-09-11T12:23:40.320063+02:00,2014-09-11T12:37:51.643471+02:00,True,,westbougainville,West Bougainville,West Bougainville,,False,ddd0000,d0000dd,epap
473,2014-09-11T12:23:40.320658+02:00,2014-09-11T12:37:51.643900+02:00,True,,westernfly,Western Fly,Western Fly,,False,dffff00,d009900,
474,2014-09-11T12:23:40.321342+02:00,2014-09-11T12:37:51.644364+02:00,True,,westbirdshead,West Bird's Head,West Papuan,,False,dffffff,d00ff00,
475,2014-09-11T12:23:40.322030+02:00,2014-09-11T12:37:51.644895+02:00,True,,kebar,Kebar,West Papuan,,False,dffffff,dffffff,
476,2014-09-11T12:23:40.322713+02:00,2014-09-11T12:37:51.645443+02:00,True,,northcentralbirdshead,North-Central Bird's Head,West Papuan,,False,dffffff,dffff00,wpap
477,2014-09-11T12:23:40.323384+02:00,2014-09-11T12:37:51.645986+02:00,True,,northhalmaheran,North Halmaheran,West Papuan,,False,dffffff,ddd0000,wpap
478,2014-09-11T12:23:40.323675+02:00,2014-09-11T12:37:51.646524+02:00,True,,hatam,Hatam,West Papuan,,False,dffffff,d990099,
479,2014-09-11T12:23:40.323942+02:00,2014-09-11T12:37:51.647093+02:00,True,,yale,Yale,Yale,,False,d00ff00,d00ffff,
480,2014-09-11T12:23:40.324343+02:00,2014-09-11T12:37:51.647627+02:00,True,,yamana,Yámana,Yámana,,False,d00ffff,dcccccc,saso
481,2014-09-11T12:23:40.324954+02:00,2014-09-11T12:37:51.648161+02:00,True,,yanomam,Yanomam,Yanomam,,False,dcccccc,dff6600,yano
482,2014-09-11T12:23:40.325562+02:00,2014-09-11T12:37:51.648691+02:00,True,,yareban,Yareban,Yareban,,False,dff6600,c000000,trng
483,2014-09-11T12:23:40.326133+02:00,2014-09-11T12:37:51.649218+02:00,True,,yaruro,Yaruro,Yaruro,,False,c000000,c0000ff,saun
484,2014-09-11T12:23:40.326704+02:00,2014-09-11T12:37:51.649747+02:00,True,,yawa,Yawa,Yawa,,False,c0000ff,c4d6cee,geba
485,2014-09-11T12:23:40.327266+02:00,2014-09-11T12:37:51.650271+02:00,True,,yele,Yele,Yele,,False,c4d6cee,c66ff33,
486,2014-09-11T12:23:40.327809+02:00,2014-09-11T12:37:51.650822+02:00,True,,yeniseian,Yeniseian,Yeniseian,,False,c66ff33,c9999ff,yeos
487,2014-09-11T12:23:40.328377+02:00,2014-09-11T12:37:51.651347+02:00,True,,yuchi,Yuchi,Yuchi,,False,c9999ff,c99ffff,nais
488,2014-09-11T12:23:40.328971+02:00,2014-09-11T12:37:51.651874+02:00,True,,yukaghir,Yukaghir,Yukaghir,,False,c99ffff,ca0fb75,yuka
489,2014-09-11T12:23:40.329540+02:00,2014-09-11T12:37:51.652397+02:00,True,,yuracare,Yuracare,Yuracare,,False,ca0fb75,caa0000,saso
490,2014-09-11T12:23:40.330087+02:00,2014-09-11T12:37:51.652919+02:00,True,,yurimangi,Yurimangí,Yurimangí,,False,caa0000,ccb9a34,
491,2014-09-11T12:23:40.330528+02:00,2014-09-11T12:37:51.653458+02:00,True,,zamucoan,Zamucoan,Zamucoan,,False,cd22257,ce8e8e8,zamu
492,2014-09-11T12:23:40.331091+02:00,2014-09-11T12:37:51.653982+02:00,True,,zaparoan,Zaparoan,Zaparoan,,False,ce8e8e8,ced9c07,zapa
493,2014-09-11T12:23:40.331620+02:00,2014-09-11T12:37:51.654507+02:00,True,,zuni,Zuni,Zuni,,False,ced9c07,cefe305,nais
494,2014-09-11T12:23:40.332249+02:00,2014-09-11T12:37:51.655136+02:00,True,,jinghpo,Jingpho,Sino-Tibetan,,False,c0000dd,sff4400,sitb
495,2014-09-11T12:23:40.332880+02:00,2014-09-11T12:37:51.655656+02:00,True,,upperyuat,Piawi,Piawi,,False,de8e8e8,ccb9a34,
496,2014-09-11T12:23:40.333558+02:00,2014-09-11T12:37:51.656276+02:00,True,,dhimalic,Dhimalic,Sino-Tibetan,,False,c0000dd,sff00ff,
497,2014-09-11T12:23:40.334148+02:00,2014-09-11T12:37:51.656793+02:00,True,,mahakiranti,Mahakiranti,Sino-Tibetan,,False,c0000dd,sff0000,
498,2014-09-11T12:23:40.334642+02:00,2014-09-11T12:37:51.657304+02:00,True,,greatercentralphilippine,Greater Central Philippine,Austronesian,,False,sffff00,taa0000,anes
499,2014-09-11T12:23:40.335146+02:00,2014-09-11T12:37:51.657778+02:00,True,,northernluzon,Northern Luzon,Austronesian,,False,sffff00,tcb9a34,anes
500,2014-09-11T12:23:40.335610+02:00,2014-09-11T12:37:51.658238+02:00,True,,centralluzon,Central Luzon,Austronesian,,False,sffff00,td22257,anes
501,2014-09-11T12:23:40.336069+02:00,2014-09-11T12:37:51.658694+02:00,True,,batanic,Batanic,Austronesian,,False,sffff00,te8e8e8,anes
502,2014-09-11T12:23:40.336508+02:00,2014-09-11T12:37:51.659180+02:00,True,,bilic,Bilic,Austronesian,,False,sffff00,ted9c07,anes
503,2014-09-11T12:23:40.336942+02:00,2014-09-11T12:37:51.659721+02:00,True,,northborneo,North Borneo,Austronesian,,False,sffff00,tefe305,anes
504,2014-09-11T12:23:40.337424+02:00,2014-09-11T12:37:51.660264+02:00,True,,malayosumbawan,Malayo-Sumbawan,Austronesian,,False,sffff00,tf38847,anes
505,2014-09-11T12:23:40.337905+02:00,2014-09-11T12:37:51.660766+02:00,True,,enggano,Enggano,Austronesian,,False,sffff00,tf3ffb0,
506,2014-09-11T12:23:40.338355+02:00,2014-09-11T12:37:51.661224+02:00,True,,northwestsumatrabarrierislands,Northwest Sumatra-Barrier Islands,Austronesian,,False,sffff00,tfe3856,anes
507,2014-09-11T12:23:40.338984+02:00,2014-09-11T12:37:51.661684+02:00,True,,rukai,Rukai,Austronesian,,False,sffff00,tff0000,
508,2014-09-11T12:23:40.339601+02:00,2014-09-11T12:37:51.662124+02:00,True,,minahasan,Minahasan,Austronesian,,False,sffff00,tff00ff,
509,2014-09-11T12:23:40.340246+02:00,2014-09-11T12:37:51.662567+02:00,True,,sangiric,Sangiric,Austronesian,,False,sffff00,tff4400,
510,2014-09-11T12:23:40.340967+02:00,2014-09-11T12:37:51.663106+02:00,True,,southsulawesi,South Sulawesi,Austronesian,,False,sffff00,tff66ff,
511,2014-09-11T12:23:40.341744+02:00,2014-09-11T12:37:51.663680+02:00,True,,celebic,Celebic,Austronesian,,False,sffff00,tffcc00,anes
512,2014-09-11T12:23:40.342465+02:00,2014-09-11T12:37:51.664198+02:00,True,,moraori,Moraori,Moraori,,False,f99ffff,tff66ff,
513,2014-09-11T12:23:40.343162+02:00,2014-09-11T12:37:51.664682+02:00,True,,aikana,Aikaná,Aikaná,,False,c009900,sffff00,
514,2014-09-11T12:23:40.343836+02:00,2014-09-11T12:37:51.665155+02:00,True,,iranxe,Iranxe,Iranxe,,False,s000000,d00ff00,
515,2014-09-11T12:23:40.344490+02:00,2014-09-11T12:37:51.665614+02:00,True,,northernarawakan,Northern Arawakan,Arawakan,,False,s0000dd,tcccccc,
516,2014-09-11T12:23:40.345157+02:00,2014-09-11T12:37:51.666088+02:00,True,,westernarawakan,Western Arawakan,Arawakan,,False,s0000dd,fdd0000,
517,2014-09-11T12:23:40.345797+02:00,2014-09-11T12:37:51.666561+02:00,True,,centralarawakan,Central Arawakan,Arawakan,,False,s0000dd,t00ffff,
518,2014-09-11T12:23:40.346464+02:00,2014-09-11T12:37:51.667013+02:00,True,,easternarawakan,Eastern Arawakan,Arawakan,,False,s0000dd,fffff00,
519,2014-09-11T12:23:40.347156+02:00,2014-09-11T12:37:51.667568+02:00,True,,purus,Purus,Arawakan,,False,s0000dd,f0000dd,
520,2014-09-11T12:23:40.347816+02:00,2014-09-11T12:37:51.668143+02:00,True,,boliviaparana,Bolivia-Parana,Arawakan,,False,s0000dd,f990099,
521,2014-09-11T12:23:40.348448+02:00,2014-09-11T12:37:51.668721+02:00,True,,preandinearawakan,Pre-Andine Arawakan,Arawakan,,False,s0000dd,tff6600,
522,2014-09-11T12:23:40.349111+02:00,2014-09-11T12:37:51.669300+02:00,True,,gbayamanzangbaka,Gbaya-Manza-Ngbaka,Niger-Congo,,False,fff66ff,dff4400,
523,2014-09-11T12:23:40.349574+02:00,2014-09-11T12:37:51.669936+02:00,True,,dizoid,Dizoid,Afro-Asiatic,,False,c0000dd,s009900,
524,2014-09-11T12:23:40.350226+02:00,2014-09-11T12:37:51.670454+02:00,True,,eastformosan,East Formosan,Austronesian,,False,sffff00,tffffcc,
525,2014-09-11T12:23:40.350878+02:00,2014-09-11T12:37:51.670955+02:00,True,,westernplainsaustronesian,Western Plains Austronesian,Austronesian,,False,sffff00,t4d6cee,
526,2014-09-11T12:23:40.351530+02:00,2014-09-11T12:37:51.671439+02:00,True,,southernatlantic,Mel,Niger-Congo,,False,fff66ff,dff66ff,ncon
527,2014-09-11T12:23:40.352965+02:00,2014-09-11T12:37:51.671917+02:00,False,,arawakan,Arawakan,Arawakan,,False,s0000dd,f009900,arwk
528,2014-09-11T12:23:40.353739+02:00,2014-09-11T12:37:51.672352+02:00,False,,transnewguinea,Trans-New Guinea,Trans-New Guinea,,False,t00ff00,df38847,trng
529,2014-09-11T12:23:40.354451+02:00,2014-09-11T12:37:51.672813+02:00,False,,moklen,Moklen,Austronesian,,False,sffff00,t66ff33,anes
530,2014-09-11T12:23:40.355139+02:00,2014-09-11T12:37:51.673243+02:00,False,,mesophilippine,Meso-Philippine,Austronesian,,False,sffff00,t9999ff,anes
531,2014-09-11T12:23:40.355820+02:00,2014-09-11T12:37:51.673816+02:00,False,,oko,Oko,Niger-Congo,,False,fff66ff,dffcc00,ncon
532,2014-09-11T12:23:40.356476+02:00,2014-09-11T12:37:51.674382+02:00,False,,bijago,Bijago,Niger-Congo,,False,fff66ff,dffffcc,ncon
533,2014-09-11T12:23:40.357122+02:00,2014-09-11T12:37:51.674984+02:00,False,,akpes,Akpes ,Niger-Congo,,False,fff66ff,c0000dd,ncon
534,2014-09-11T12:23:40.357831+02:00,2014-09-11T12:37:51.675551+02:00,False,,westernmalayopolynesian,Western Malayo-Polynesian,Austronesian,,False,sffff00,t99ffff,anes
535,2014-09-11T12:23:40.358601+02:00,2014-09-11T12:37:51.676154+02:00,False,,sulawesi,Sulawesi,Austronesian,,False,sffff00,ta0fb75,anes
536,2014-09-11T12:23:40.359374+02:00,2014-09-11T12:37:51.676749+02:00,False,,muniche,Muniche,Muniche,,False,fe8e8e8,f4d6cee,saso
537,2014-09-11T12:23:40.360031+02:00,2014-09-11T12:37:51.677265+02:00,False,,tinigua,Tinigua,Tinigua,,False,t0000dd,fefe305,saso
538,2014-09-11T12:23:40.360783+02:00,2014-09-11T12:37:51.677854+02:00,False,,vilela,Vilela,Vilela,,False,f00ff00,f009900,luvi
539,2014-09-11T12:23:40.361551+02:00,2014-09-11T12:37:51.678443+02:00,False,,ofaye,Ofayé,Kamakanan,,False,sd22257,ca0fb75,macg
540,2014-09-11T12:23:40.362277+02:00,2014-09-11T12:37:51.679045+02:00,False,,purian,Purian,PurianPrint,,False,df38847,ced9c07,macg
541,2014-09-11T12:23:40.363135+02:00,2014-09-11T12:37:51.679566+02:00,False,,mixedlanguage,Mixed language,Mixed language,,False,f0000ff,tfe3856,saml
542,2014-09-11T12:23:40.363935+02:00,2014-09-11T12:37:51.680060+02:00,False,,tupian,Tupian,Tupian,,False,f0000dd,cffffff,tupi
543,2014-09-11T12:23:40.364641+02:00,2014-09-11T12:37:51.680546+02:00,False,,yuwana,Yuwana,YuwanaPrint,,False,ccb9a34,cd22257,saun
