{"dc:identifier": "1dd9678cf22e", "url": "identifier.csv-metadata.json", "dc:license": {"schema:name": "http://creativecommons.org/licenses/by-sa/3.0/"}, "dc:publisher": {"schema:name": "Max Planck Institute for Evolutionary Anthropology", "schema:url": {"@id": "http://www.eva.mpg.de"}}, "@context": ["http://www.w3.org/ns/csvw", {"@language": "en"}], "tableSchema": {"primaryKey": "pk", "columns": [{"datatype": {"@id": "http://www.w3.org/2001/XMLSchema#int"}, "name": "pk", "dc:description": "primary key"}, {"datatype": {"@id": "http://www.w3.org/2001/XMLSchema#string"}, "name": "jsondata"}, {"datatype": {"@id": "http://www.w3.org/2001/XMLSchema#string"}, "name": "name"}, {"datatype": {"@id": "http://www.w3.org/2001/XMLSchema#string"}, "name": "description"}, {"datatype": {"@id": "http://www.w3.org/2001/XMLSchema#string"}, "name": "markup_description"}, {"datatype": {"@id": "http://www.w3.org/2001/XMLSchema#string"}, "name": "id"}, {"datatype": {"@id": "http://www.w3.org/2001/XMLSchema#string"}, "name": "type"}, {"datatype": {"@id": "http://www.w3.org/2001/XMLSchema#string"}, "name": "lang"}, {"datatype": {"@id": "http://www.w3.org/2001/XMLSchema#dateTime"}, "name": "updated"}, {"datatype": {"@id": "http://www.w3.org/2001/XMLSchema#boolean"}, "name": "active"}, {"datatype": {"@id": "http://www.w3.org/2001/XMLSchema#dateTime"}, "name": "created"}, {"datatype": {"@id": "http://www.w3.org/2001/XMLSchema#int"}, "name": "version"}]}}