{"dc:identifier": "1dd9678cf22e", "url": "inventory.csv-metadata.json", "dc:license": {"schema:name": "http://creativecommons.org/licenses/by-sa/3.0/"}, "dc:publisher": {"schema:name": "Max Planck Institute for Evolutionary Anthropology", "schema:url": {"@id": "http://www.eva.mpg.de"}}, "@context": ["http://www.w3.org/ns/csvw", {"@language": "en"}], "tableSchema": {"primaryKey": "pk", "columns": [{"datatype": {"@id": "http://www.w3.org/2001/XMLSchema#int"}, "name": "pk"}, {"datatype": {"@id": "http://www.w3.org/2001/XMLSchema#string"}, "name": "source"}, {"datatype": {"@id": "http://www.w3.org/2001/XMLSchema#string"}, "name": "source_url"}, {"datatype": {"@id": "http://www.w3.org/2001/XMLSchema#string"}, "name": "internetarchive_url"}, {"datatype": {"@id": "http://www.w3.org/2001/XMLSchema#int"}, "name": "language_pk"}, {"datatype": {"@id": "http://www.w3.org/2001/XMLSchema#int"}, "name": "count_tone"}, {"datatype": {"@id": "http://www.w3.org/2001/XMLSchema#int"}, "name": "count_vowel"}, {"datatype": {"@id": "http://www.w3.org/2001/XMLSchema#int"}, "name": "count_consonant"}], "foreignKeys": [{"columnReference": "pk", "reference": {"columnReference": "pk", "resource": "contribution"}}, {"columnReference": "language_pk", "reference": {"columnReference": "pk", "resource": "language"}}]}}