{"dc:identifier": "1dd9678cf22e", "url": "segment.csv-metadata.json", "dc:license": {"schema:name": "http://creativecommons.org/licenses/by-sa/3.0/"}, "dc:publisher": {"schema:name": "Max Planck Institute for Evolutionary Anthropology", "schema:url": {"@id": "http://www.eva.mpg.de"}}, "@context": ["http://www.w3.org/ns/csvw", {"@language": "en"}], "tableSchema": {"primaryKey": "pk", "columns": [{"datatype": {"@id": "http://www.w3.org/2001/XMLSchema#int"}, "name": "pk"}, {"datatype": {"@id": "http://www.w3.org/2001/XMLSchema#string"}, "name": "segment_class"}, {"datatype": {"@id": "http://www.w3.org/2001/XMLSchema#string"}, "name": "equivalence_class"}, {"datatype": {"@id": "http://www.w3.org/2001/XMLSchema#string"}, "name": "combined_class"}, {"datatype": {"@id": "http://www.w3.org/2001/XMLSchema#int"}, "name": "in_inventories"}, {"datatype": {"@id": "http://www.w3.org/2001/XMLSchema#int"}, "name": "total_inventories"}, {"datatype": {"@id": "http://www.w3.org/2001/XMLSchema#float"}, "name": "frequency"}], "foreignKeys": [{"columnReference": "pk", "reference": {"columnReference": "pk", "resource": "parameter"}}]}}