{"dc:identifier": "1dd9678cf22e", "url": "valueset.csv-metadata.json", "dc:license": {"schema:name": "http://creativecommons.org/licenses/by-sa/3.0/"}, "dc:publisher": {"schema:name": "Max Planck Institute for Evolutionary Anthropology", "schema:url": {"@id": "http://www.eva.mpg.de"}}, "@context": ["http://www.w3.org/ns/csvw", {"@language": "en"}], "tableSchema": {"primaryKey": "pk", "columns": [{"datatype": {"@id": "http://www.w3.org/2001/XMLSchema#int"}, "name": "pk", "dc:description": "primary key"}, {"datatype": {"@id": "http://www.w3.org/2001/XMLSchema#string"}, "name": "jsondata"}, {"datatype": {"@id": "http://www.w3.org/2001/XMLSchema#string"}, "name": "polymorphic_type"}, {"datatype": {"@id": "http://www.w3.org/2001/XMLSchema#string"}, "name": "id"}, {"datatype": {"@id": "http://www.w3.org/2001/XMLSchema#string"}, "name": "description"}, {"datatype": {"@id": "http://www.w3.org/2001/XMLSchema#string"}, "name": "markup_description"}, {"datatype": {"@id": "http://www.w3.org/2001/XMLSchema#int"}, "name": "language_pk"}, {"datatype": {"@id": "http://www.w3.org/2001/XMLSchema#int"}, "name": "parameter_pk"}, {"datatype": {"@id": "http://www.w3.org/2001/XMLSchema#int"}, "name": "contribution_pk"}, {"datatype": {"@id": "http://www.w3.org/2001/XMLSchema#string"}, "name": "source", "dc:description": "textual description of the source for the valueset"}, {"datatype": {"@id": "http://www.w3.org/2001/XMLSchema#dateTime"}, "name": "updated"}, {"datatype": {"@id": "http://www.w3.org/2001/XMLSchema#boolean"}, "name": "active"}, {"datatype": {"@id": "http://www.w3.org/2001/XMLSchema#dateTime"}, "name": "created"}, {"datatype": {"@id": "http://www.w3.org/2001/XMLSchema#int"}, "name": "version"}], "foreignKeys": [{"columnReference": "language_pk", "reference": {"columnReference": "pk", "resource": "language"}}, {"columnReference": "parameter_pk", "reference": {"columnReference": "pk", "resource": "parameter"}}, {"columnReference": "contribution_pk", "reference": {"columnReference": "pk", "resource": "contribution"}}]}}