{"dc:identifier": "1dd9678cf22e", "url": "variety.csv-metadata.json", "dc:license": {"schema:name": "http://creativecommons.org/licenses/by-sa/3.0/"}, "dc:publisher": {"schema:name": "Max Planck Institute for Evolutionary Anthropology", "schema:url": {"@id": "http://www.eva.mpg.de"}}, "@context": ["http://www.w3.org/ns/csvw", {"@language": "en"}], "tableSchema": {"primaryKey": "pk", "columns": [{"datatype": {"@id": "http://www.w3.org/2001/XMLSchema#int"}, "name": "pk"}, {"datatype": {"@id": "http://www.w3.org/2001/XMLSchema#string"}, "name": "country"}, {"datatype": {"@id": "http://www.w3.org/2001/XMLSchema#string"}, "name": "area"}, {"datatype": {"@id": "http://www.w3.org/2001/XMLSchema#int"}, "name": "count_inventories"}, {"datatype": {"@id": "http://www.w3.org/2001/XMLSchema#int"}, "name": "genus_pk"}], "foreignKeys": [{"columnReference": "pk", "reference": {"columnReference": "pk", "resource": "language"}}, {"columnReference": "genus_pk", "reference": {"columnReference": "pk", "resource": "genus"}}]}}