pk,country,area,count_inventories,genus_pk
1,"Korea, South",Asia,2,204
2,Russian Federation,Europe,2,486
3,Russian Federation,Europe,2,252
4,Russian Federation,Europe,2,310
5,Georgia,Asia,2,191
6,Pakistan,Asia,2,97
7,India,Asia,3,134
8,India,Asia,3,131
9,India,Asia,3,133
10,India,Asia,4,65
11,India,Asia,4,65
12,India,Asia,3,70
13,Viet Nam,Asia,2,62
14,Cambodia,Asia,2,69
15,Viet Nam,Asia,2,66
16,China,Asia,3,360
17,China,Asia,2,360
18,China,Asia,2,360
19,China,Asia,2,360
20,China,Asia,2,155
21,India,Asia,2,366
22,Myanmar,Asia,2,364
23,China,Asia,2,364
24,India,Asia,2,367
25,Myanmar,Asia,2,362
26,China,Asia,2,389
27,Thailand,Asia,2,388
28,China,Asia,2,388
29,Cambodia,Asia,2,504
30,Taiwan,Asia,2,82
31,Madagascar,Africa,2,72
32,Malaysia,Asia,1,504
33,Indonesia,Asia,2,506
34,Malaysia,Asia,2,503
35,Indonesia,Asia,1,504
36,Indonesia,Asia,3,83
37,Philippines,Asia,3,498
38,Guam,Pacific,2,73
39,New Caledonia,Pacific,2,80
40,Papua New Guinea,Pacific,2,80
41,Papua New Guinea,Pacific,2,80
42,New Zealand,Pacific,1,80
43,United States,America,2,80
44,Australia,Pacific,2,41
45,Australia,Pacific,1,41
46,Australia,Pacific,1,41
47,Australia,Pacific,1,27
48,Australia,Pacific,2,37
49,Australia,Pacific,2,47
50,Australia,Pacific,2,59
51,Australia,Pacific,2,41
52,Indonesia,Asia,2,351
53,Papua New Guinea,Pacific,2,353
54,Indonesia,Asia,2,431
55,Papua New Guinea,Pacific,1,425
56,Papua New Guinea,Pacific,2,414
57,Papua New Guinea,Pacific,1,414
58,Papua New Guinea,Pacific,2,419
59,Papua New Guinea,Pacific,2,418
60,Papua New Guinea,Pacific,2,136
61,United States,America,2,141
62,Greenland,America,2,142
63,Canada,America,2,248
64,United States,America,2,248
65,United States,America,2,248
66,United States,America,2,248
67,Canada,America,2,153
68,Canada,America,1,345
69,Canada,America,2,345
70,Canada,America,3,464
71,Canada,America,2,465
72,Canada,America,2,17
73,United States,America,1,17
74,United States,America,2,99
75,United States,America,2,375
76,United States,America,2,178
77,Canada,America,1,178
78,United States,America,3,487
79,United States,America,2,246
80,United States,America,2,437
81,United States,America,2,333
82,United States,America,2,330
83,Mexico,America,3,238
84,Mexico,America,2,413
85,Mexico,America,1,236
86,Mexico,America,2,236
87,Mexico,America,2,392
88,United States,America,2,190
89,United States,America,2,162
90,Mexico,America,2,156
91,United States,America,2,493
92,United States,America,1,201
93,United States,America,1,201
94,United States,America,2,457
95,United States,America,2,456
96,United States,America,2,461
97,Mexico,America,1,321
98,Mexico,America,2,321
99,Mexico,America,2,324
100,Mexico,America,2,319
101,Ecuador,America,3,90
102,Colombia,America,3,326
103,Bolivia,America,3,179
104,Bolivia,America,2,341
105,Bolivia,America,3,86
106,Chile,America,3,25
107,Dominica,America,2,527
108,Guyana,America,3,527
109,Colombia,America,3,527
110,Peru,America,3,527
111,Bolivia,America,3,527
112,Peru,America,3,527
113,Ecuador,America,3,183
114,Colombia,America,3,436
115,Brazil,America,3,398
116,Venezuela,America,5,103
117,Peru,America,3,166
118,Bolivia,America,3,441
119,Paraguay,America,3,441
120,Peru,America,3,327
121,Bolivia,America,2,327
122,Brazil,America,3,224
123,Morocco,Africa,1,4
124,Nigeria,Africa,4,6
125,Nigeria,Africa,3,6
126,Nigeria,Africa,2,5
127,Somalia,Africa,2,12
128,Ethiopia,Africa,3,7
129,Tanzania,Africa,2,1
130,Eritrea,Africa,2,10
131,Ethiopia,Africa,2,10
132,Egypt,Africa,2,10
133,Morocco,Africa,1,10
134,Malta,Europe,1,10
135,Israel,Asia,1,10
136,Sudan,Africa,5,184
137,Liberia,Africa,3,277
138,Senegal,Africa,3,262
139,Ghana,Africa,3,276
140,Ghana,Africa,4,261
141,Ghana,Africa,3,261
142,Ghana,Africa,3,261
143,Nigeria,Africa,3,258
144,Congo,Africa,2,260
145,Tanzania,Africa,2,260
146,Zambia,Africa,1,260
147,South Africa,Africa,2,260
148,Central African Republic,Africa,3,273
149,Mali,Africa,3,293
150,Nigeria,Africa,3,294
151,Uganda,Africa,3,289
152,Sudan,Africa,2,292
153,Kenya,Africa,3,305
154,Kenya,Africa,2,305
155,Namibia,Africa,2,196
156,Ireland,Europe,2,173
157,France,Europe,2,173
158,Iceland,Europe,1,167
159,Norway,Europe,2,167
160,United Kingdom,Europe,1,167
161,Germany,Europe,2,167
162,France,Europe,2,170
163,Portugal,Europe,1,170
164,Spain,Europe,2,170
165,Romania,Europe,2,170
166,Russian Federation,Europe,2,171
167,Bulgaria,Europe,2,171
168,Lithuania,Europe,2,174
169,Albania,Europe,2,176
170,Greece,Europe,2,172
171,Armenia,Asia,2,175
172,Iran,Asia,2,169
173,Pakistan,Asia,2,169
174,India,Asia,3,168
175,India,Asia,2,168
176,India,Asia,3,168
177,Bangladesh,Asia,3,168
178,Sri Lanka,Asia,2,168
179,Spain,Europe,2,91
180,Finland,Europe,2,448
181,Russian Federation,Europe,3,449
182,Russian Federation,Europe,2,448
183,Hungary,Europe,2,447
184,Russian Federation,Europe,3,447
185,Russian Federation,Europe,2,446
186,Turkey,Asia,2,19
187,Iran,Asia,1,19
188,Kyrgyzstan,Asia,2,19
189,Russian Federation,Europe,2,19
190,Russian Federation,Europe,2,19
191,Mongolia,Asia,2,20
192,Russian Federation,Europe,2,21
193,Russian Federation,Europe,2,488
194,Russian Federation,Europe,2,309
195,Russian Federation,Europe,2,123
196,Japan,Asia,2,14
197,Japan,Asia,2,181
198,Nigeria,Africa,1,5
199,United States,America,1,159
200,Australia,Pacific,1,41
201,Papua New Guinea,Pacific,1,421
202,Papua New Guinea,Pacific,1,433
203,Cameroon,Africa,2,260
204,Côte d'Ivoire,Africa,1,263
205,United States,America,1,248
206,Guyana,America,2,103
207,Chile,America,3,15
208,Côte d'Ivoire,Africa,2,261
209,Ethiopia,Africa,1,9
210,Nigeria,Africa,1,272
211,Papua New Guinea,Pacific,1,355
212,Mexico,America,1,322
213,Colombia,America,2,22
214,India,Asia,2,147
215,Russian Federation,Europe,1,253
216,Peru,America,2,492
217,Ecuador,America,2,466
218,Russian Federation,Europe,1,255
219,Argentina,America,2,151
220,Azerbaijan,Asia,1,19
221,Russian Federation,Europe,1,19
222,Mali,Africa,3,277
223,Benin,Africa,2,276
224,Indonesia,Asia,2,506
225,Georgia,Asia,1,254
226,Burkina Faso,Africa,3,277
227,China,Asia,1,365
228,Australia,Pacific,1,45
229,Nigeria,Africa,1,278
230,Indonesia,Asia,1,75
231,Australia,Pacific,1,41
232,Sudan,Africa,1,3
233,Côte d'Ivoire,Africa,1,263
234,Burkina Faso,Africa,2,259
235,Brazil,America,3,103
236,Canada,America,1,348
237,Colombia,America,2,165
238,Nigeria,Africa,2,269
239,Brazil,America,2,228
240,Laos,Asia,1,62
241,Pakistan,Asia,1,134
242,Thailand,Asia,1,71
243,India,Asia,1,367
244,Australia,Pacific,1,30
245,Papua New Guinea,Pacific,1,88
246,Costa Rica,America,1,107
247,United States,America,1,99
248,Paraguay,America,2,235
249,India,Asia,1,67
250,Thailand,Asia,1,64
251,Colombia,America,2,98
252,China,Asia,1,360
253,Mexico,America,1,320
254,United States,America,1,177
255,United States,America,1,349
256,Papua New Guinea,Pacific,1,422
257,Myanmar,Asia,1,370
258,Ecuador,America,2,127
259,Senegal,Africa,1,262
260,China,Asia,1,155
261,Myanmar,Asia,1,370
262,Mexico,America,1,317
263,Colombia,America,2,436
264,Bolivia,America,2,104
265,Chad,Africa,1,2
266,Côte d'Ivoire,Africa,3,259
267,Sudan,Africa,1,303
268,Kenya,Africa,1,1
269,Australia,Pacific,1,41
270,Australia,Pacific,1,41
271,Sudan,Africa,1,305
272,Indonesia,Asia,1,416
273,China,Asia,1,388
274,Cameroon,Africa,2,265
275,Taiwan,Asia,1,149
276,China,Asia,1,20
277,Mali,Africa,2,281
278,Australia,Pacific,1,41
279,Senegal,Africa,2,262
280,Nigeria,Africa,1,278
281,Indonesia,Asia,1,420
282,United States,America,1,142
283,Nigeria,Africa,3,260
284,Cameroon,Africa,2,260
285,United States,America,1,250
286,Papua New Guinea,Pacific,1,424
287,Fiji,Pacific,1,80
288,Cameroon,Africa,2,260
289,Brazil,America,2,223
290,Sudan,Africa,1,291
291,New Caledonia,Pacific,1,80
292,Australia,Pacific,1,46
293,Nigeria,Africa,1,264
294,China,Asia,1,389
295,Russian Federation,Europe,1,21
296,Ethiopia,Africa,2,13
297,Colombia,America,2,150
298,Colombia,America,2,90
299,Paraguay,America,2,441
300,Australia,Pacific,1,41
301,Brazil,America,2,103
302,Tanzania,Africa,1,152
303,Mexico,America,2,236
304,Mexico,America,2,164
305,Malaysia,Asia,1,504
306,Nigeria,Africa,1,274
307,Uganda,Africa,1,301
308,Indonesia,Asia,1,76
309,Brazil,America,2,527
310,Nigeria,Africa,1,280
311,Russian Federation,Europe,1,124
312,Philippines,Asia,1,501
313,Papua New Guinea,Pacific,1,352
314,Guatemala,America,1,236
315,Australia,Pacific,1,41
316,Peru,America,2,100
317,Honduras,America,1,404
318,Peru,America,2,86
319,Venezuela,America,2,103
320,Myanmar,Asia,1,494
321,Colombia,America,2,101
322,Papua New Guinea,Pacific,1,423
323,Ethiopia,Africa,1,9
324,Indonesia,Asia,1,350
325,Guatemala,America,1,236
326,Chad,Africa,1,2
327,India,Asia,2,131
328,Brazil,America,2,224
329,China,Asia,1,388
330,United States,America,1,201
331,Papua New Guinea,Pacific,1,202
332,Laos,Asia,1,68
333,United States,America,1,195
334,Papua New Guinea,Pacific,1,417
335,Congo,Africa,1,260
336,United States,America,1,338
337,Liberia,Africa,1,263
338,Turkey,Asia,1,169
339,Nigeria,Africa,1,6
340,India,Asia,2,168
341,Nigeria,Africa,1,269
342,Viet Nam,Asia,1,62
343,Russian Federation,Europe,1,123
344,Uganda,Africa,1,305
345,Australia,Pacific,1,41
346,Botswana,Africa,1,198
347,Eritrea,Africa,1,302
348,Colombia,America,2,111
349,Solomon Islands,Pacific,1,80
350,Ghana,Africa,1,261
351,Chad,Africa,1,11
352,United States,America,1,345
353,Brazil,America,2,225
354,Cameroon,Africa,3,260
355,Cameroon,Africa,1,265
356,Chad,Africa,1,298
357,Ethiopia,Africa,1,13
358,Democratic Republic of the Congo,Africa,1,273
359,Afghanistan,Asia,1,20
360,China,Asia,1,20
361,China,Asia,1,21
362,Indonesia,Asia,1,528
363,Sudan,Africa,1,271
364,Australia,Pacific,1,50
365,Papua New Guinea,Pacific,1,395
366,Indonesia,Asia,1,477
367,Philippines,Asia,1,498
368,Mexico,America,1,238
369,Sudan,Africa,2,307
370,Australia,Pacific,1,36
371,Australia,Pacific,1,41
372,Brazil,America,2,245
373,Nigeria,Africa,1,265
374,Bolivia,America,2,244
375,Brazil,America,2,256
376,China,Asia,1,360
377,China,Asia,1,368
378,Mexico,America,1,459
379,Senegal,Africa,1,262
380,Nepal,Asia,2,168
381,Nepal,Asia,1,373
382,Nigeria,Africa,1,6
383,Cameroon,Africa,1,260
384,Chad,Africa,2,265
385,Russian Federation,Europe,1,446
386,Indonesia,Asia,1,308
387,India,Asia,2,370
388,Eritrea,Africa,1,299
389,Viet Nam,Asia,1,388
390,Sudan,Africa,1,287
391,Uganda,Africa,1,301
392,Nigeria,Africa,1,278
393,Pakistan,Asia,1,169
394,Viet Nam,Asia,1,71
395,Honduras,America,1,110
396,Venezuela,America,2,103
397,Micronesia,Pacific,1,80
398,Myanmar,Asia,1,68
399,Taiwan,Asia,1,148
400,Thailand,Asia,2,362
401,United States,America,1,115
402,Peru,America,2,527
403,Papua New Guinea,Pacific,1,472
404,Papua New Guinea,Pacific,1,80
405,Russian Federation,Europe,1,253
406,Tanzania,Africa,2,200
407,Central African Republic,Africa,3,273
408,Côte d'Ivoire,Africa,3,276
409,Russian Federation,Europe,1,446
410,Brazil,America,2,481
411,Morocco,Africa,2,4
412,Canada,America,1,347
413,United States,America,1,160
414,Colombia,America,2,119
415,United States,America,1,335
416,Colombia,America,2,342
417,Sweden,Europe,1,445
418,Colombia,America,2,436
419,Yemen,Asia,1,10
420,Solomon Islands,Pacific,1,80
421,Papua New Guinea,Pacific,1,426
422,Solomon Islands,Pacific,1,381
423,China,Asia,1,388
424,Nepal,Asia,1,373
425,Brazil,America,2,527
426,Sudan,Africa,2,283
427,India,Asia,2,133
428,Argentina,America,2,121
429,Sierra Leone,Africa,2,526
430,Sudan,Africa,1,282
431,Indonesia,Asia,2,74
432,Papua New Guinea,Pacific,1,80
433,Algeria,Africa,1,4
434,Australia,Pacific,2,52
435,Philippines,Asia,1,502
436,United States,America,1,249
437,Sudan,Africa,1,267
438,Chad,Africa,1,296
439,Bolivia,America,2,387
440,Vanuatu,Pacific,1,80
441,Ghana,Africa,1,276
442,Mexico,America,1,318
443,Brazil,America,2,435
444,Papua New Guinea,Pacific,1,140
445,United States,America,1,405
446,Israel,Asia,1,10
447,Canada,America,1,337
448,Taiwan,Asia,1,149
449,Nigeria,Africa,1,5
450,United States,America,1,201
451,Russian Federation,Europe,2,19
452,Australia,Pacific,1,28
453,Uzbekistan,Asia,1,19
454,Papua New Guinea,Pacific,1,376
455,Australia,Pacific,1,41
456,United States,America,1,468
457,Venezuela,America,2,469
458,Papua New Guinea,Pacific,1,422
459,United States,America,1,334
460,United States,America,1,18
461,Papua New Guinea,Pacific,1,418
462,Papua New Guinea,Pacific,1,421
463,Indonesia,Asia,1,401
464,Papua New Guinea,Pacific,1,94
465,Australia,Pacific,1,56
466,Ethiopia,Africa,1,304
467,Australia,Pacific,1,41
468,United States,America,1,460
469,Sudan,Africa,2,285
470,Peru,America,2,328
471,Mexico,America,1,458
472,Colombia,America,2,527
473,Nigeria,Africa,2,269
474,Papua New Guinea,Pacific,1,414
475,Australia,Pacific,1,41
476,Russian Federation,Europe,1,488
477,United States,America,1,161
478,Nigeria,Africa,3,279
479,Papua New Guinea,Pacific,1,482
480,Papua New Guinea,Pacific,1,356
481,Mexico,America,1,236
482,Central African Republic,Africa,1,290
483,Indonesia,Asia,1,484
484,Democratic Republic of the Congo,Africa,2,273
485,Côte d'Ivoire,Africa,2,261
486,Côte d'Ivoire,Africa,2,261
487,Benin,Africa,2,261
488,Côte d'Ivoire,Africa,2,261
489,Togo,Africa,2,261
490,Cameroon,Africa,2,260
491,Ghana,Africa,2,261
492,Sudan,Africa,1,10
493,Sudan,Africa,1,289
494,Cameroon,Africa,1,260
495,Cameroon,Africa,1,260
496,Cameroon,Africa,2,273
497,Central African Republic,Africa,2,265
498,Liberia,Africa,1,277
499,Côte d'Ivoire,Africa,2,261
500,Cameroon,Africa,1,260
501,Liberia,Africa,1,263
502,Togo,Africa,2,276
503,Côte d'Ivoire,Africa,1,263
504,Nigeria,Africa,1,278
505,Côte d'Ivoire,Africa,1,259
506,Democratic Republic of the Congo,Africa,1,260
507,Benin,Africa,1,276
508,Ghana,Africa,1,276
509,Benin,Africa,1,259
510,Mali,Africa,1,277
511,Cameroon,Africa,1,260
512,Burkina Faso,Africa,1,276
513,Ghana,Africa,1,261
514,Cameroon,Africa,2,5
515,Ghana,Africa,1,276
516,Burkina Faso,Africa,1,276
517,Ghana,Africa,1,261
518,Chad,Africa,1,294
519,Côte d'Ivoire,Africa,1,263
520,Burkina Faso,Africa,1,277
521,Benin,Africa,1,276
522,Cameroon,Africa,1,260
523,Kenya,Africa,2,260
524,Nigeria,Africa,1,264
525,Nigeria,Africa,1,280
526,Nigeria,Africa,3,258
527,Nigeria,Africa,1,280
528,Nigeria,Africa,1,280
529,Benin,Africa,1,261
530,Cameroon,Africa,4,262
531,Niger,Africa,1,262
532,Mali,Africa,1,262
533,Niger,Africa,1,262
534,Democratic Republic of the Congo,Africa,2,260
535,Togo,Africa,1,276
536,Central African Republic,Africa,1,273
537,Togo,Africa,2,261
538,Côte d'Ivoire,Africa,1,263
539,Ghana,Africa,1,261
540,Liberia,Africa,1,263
541,Nigeria,Africa,2,5
542,Burkina Faso,Africa,1,276
543,Ghana,Africa,1,276
544,Togo,Africa,1,279
545,Nigeria,Africa,1,275
546,Nigeria,Africa,1,274
547,Sudan,Africa,1,290
548,Togo,Africa,2,276
549,Cameroon,Africa,2,260
550,Nigeria,Africa,1,272
551,Burkina Faso,Africa,1,276
552,Cameroon,Africa,1,265
553,Burkina Faso,Africa,2,276
554,Cameroon,Africa,1,260
555,Kenya,Africa,1,260
556,Guinea,Africa,1,526
557,Cameroon,Africa,1,260
558,Democratic Republic of the Congo,Africa,1,260
559,Ghana,Africa,2,276
560,Guinea,Africa,2,277
561,Sudan,Africa,1,286
562,Sierra Leone,Africa,2,316
563,Côte d'Ivoire,Africa,1,263
564,Tanzania,Africa,1,260
565,Ghana,Africa,1,276
566,Togo,Africa,1,276
567,Chad,Africa,2,2
568,Democratic Republic of the Congo,Africa,1,284
569,Liberia,Africa,2,277
570,Sierra Leone,Africa,1,277
571,Ghana,Africa,1,277
572,Sierra Leone,Africa,1,526
573,Cameroon,Africa,4,260
574,Democratic Republic of the Congo,Africa,1,260
575,Benin,Africa,1,276
576,Uganda,Africa,1,260
577,Burkina Faso,Africa,2,276
578,Nigeria,Africa,1,260
579,Ghana,Africa,2,276
580,Senegal,Africa,1,277
581,Guinea,Africa,1,277
582,Democratic Republic of the Congo,Africa,1,300
583,Mali,Africa,1,277
584,Sudan,Africa,1,273
585,Nigeria,Africa,1,278
586,Cameroon,Africa,3,260
587,Cameroon,Africa,1,260
588,Sierra Leone,Africa,1,277
589,Cameroon,Africa,2,260
590,Mali,Africa,1,276
591,Ghana,Africa,1,276
592,Cameroon,Africa,2,5
593,Burkina Faso,Africa,1,276
594,Côte d'Ivoire,Africa,1,259
595,Cameroon,Africa,1,260
596,Congo,Africa,1,316
597,Nigeria,Africa,1,6
598,Ghana,Africa,1,276
599,Togo,Africa,1,276
600,Burkina Faso,Africa,1,276
601,Cameroon,Africa,1,260
602,Chad,Africa,1,290
603,Democratic Republic of the Congo,Africa,1,273
604,Democratic Republic of the Congo,Africa,1,273
605,Cameroon,Africa,2,260
606,Côte d'Ivoire,Africa,1,263
607,Cameroon,Africa,1,260
608,Cameroon,Africa,2,260
609,Nigeria,Africa,1,264
610,Uganda,Africa,1,289
611,Cameroon,Africa,1,5
612,Senegal,Africa,1,262
613,Guinea,Africa,1,262
614,Kenya,Africa,1,12
615,Kenya,Africa,1,305
616,Burkina Faso,Africa,1,276
617,Senegal,Africa,1,262
618,Burkina Faso,Africa,2,276
619,Mali,Africa,2,293
620,Mali,Africa,3,277
621,Guinea,Africa,1,277
622,Niger,Africa,1,4
623,Mali,Africa,1,4
624,Côte d'Ivoire,Africa,1,276
625,Chad,Africa,1,294
626,Togo,Africa,1,276
627,Benin,Africa,1,261
628,Cameroon,Africa,1,260
629,Sudan,Africa,1,305
630,Côte d'Ivoire,Africa,2,259
631,Burkina Faso,Africa,1,276
632,Ghana,Africa,1,276
633,Cameroon,Africa,1,260
634,Benin,Africa,1,276
635,Côte d'Ivoire,Africa,1,259
636,Côte d'Ivoire,Africa,1,263
637,Cameroon,Africa,1,260
638,Cameroon,Africa,1,260
639,Côte d'Ivoire,Africa,1,259
640,Cameroon,Africa,2,260
641,Benin,Africa,1,276
642,Niger,Africa,1,293
643,Cameroon,Africa,1,5
644,Namibia,Africa,1,260
645,Botswana,Africa,1,260
646,Bolivia,America,2,387
647,Peru,America,2,527
648,Russian Federation,Europe,1,254
649,Nepal,Asia,1,373
650,Mexico,America,1,320
651,Mexico,America,1,236
652,Viet Nam,Asia,1,62
653,United States,America,2,125
654,United States,America,1,347
655,United States,America,1,460
656,United States,America,1,457
657,Cameroon,Africa,1,5
658,Cameroon,Africa,1,260
659,Nepal,Asia,1,134
660,Papua New Guinea,Pacific,1,411
661,Papua New Guinea,Pacific,1,414
662,Papua New Guinea,Pacific,1,426
663,Papua New Guinea,Pacific,1,414
664,Nigeria,Africa,1,269
665,Nigeria,Africa,1,258
666,Kenya,Africa,1,305
667,Cameroon,Africa,1,260
668,Equatorial Guinea,Africa,1,260
669,Democratic Republic of the Congo,Africa,1,290
670,Australia,Pacific,1,41
671,Nigeria,Africa,1,264
672,Papua New Guinea,Pacific,1,422
673,Brazil,America,2,441
674,Australia,Pacific,1,43
675,Tanzania,Africa,1,260
676,United States,America,1,178
677,Mexico,America,1,454
678,Peru,America,1,341
679,Peru,America,2,341
680,Zambia,Africa,1,260
681,Nigeria,Africa,1,274
682,Papua New Guinea,Pacific,1,94
683,Russian Federation,Europe,1,254
684,Papua New Guinea,Pacific,1,379
685,Guinea,Africa,1,277
686,Nigeria,Africa,1,260
687,Brazil,America,3,24
688,United States,America,1,201
689,Nigeria,Africa,1,269
690,Algeria,Africa,1,4
691,Cameroon,Africa,1,5
692,Brazil,America,2,441
693,Papua New Guinea,Pacific,1,409
694,Brazil,America,2,
695,Cameroon,Africa,1,260
696,Burkina Faso,Africa,1,276
697,Brazil,America,1,316
698,Cameroon,Africa,1,260
699,Cambodia,Asia,1,63
700,Rwanda,Africa,1,260
701,Nigeria,Africa,1,274
702,Solomon Islands,Pacific,1,80
703,Cameroon,Africa,1,260
704,Ghana,Africa,1,276
705,Thailand,Asia,1,71
706,Nepal,Asia,1,373
707,Papua New Guinea,Pacific,1,206
708,Nepal,Asia,1,207
709,India,Asia,2,131
710,Brazil,America,2,
711,India,Asia,2,373
712,Tanzania,Africa,1,260
713,Laos,Asia,1,388
714,Solomon Islands,Pacific,1,380
715,Cameroon,Africa,1,260
716,Zambia,Africa,1,260
717,Angola,Africa,1,260
718,Cameroon,Africa,1,260
719,Macedonia,Europe,1,171
720,Cameroon,Africa,1,5
721,Papua New Guinea,Pacific,1,418
722,Papua New Guinea,Pacific,1,80
723,Cameroon,Africa,1,260
724,Nepal,Asia,1,373
725,Cameroon,Africa,1,260
726,Australia,Pacific,1,59
727,Indonesia,Asia,1,476
728,Cameroon,Africa,2,273
729,Cameroon,Africa,1,260
730,Georgia,Asia,1,191
731,Cameroon,Africa,1,260
732,Myanmar,Asia,2,529
733,Bolivia,America,4,243
734,Cameroon,Africa,1,260
735,Cameroon,Africa,1,260
736,Cameroon,Africa,1,260
737,Vanuatu,Pacific,1,80
738,Papua New Guinea,Pacific,1,357
739,Cameroon,Africa,1,260
740,United States,America,1,248
741,United States,America,1,156
742,Papua New Guinea,Pacific,1,418
743,Kenya,Africa,1,305
744,Indonesia,Asia,1,203
745,Cameroon,Africa,1,260
746,Mexico,America,1,459
747,India,Asia,1,316
748,Cameroon,Africa,1,260
749,Australia,Pacific,1,33
750,Australia,Pacific,1,49
751,Papua New Guinea,Pacific,1,421
752,Cameroon,Africa,1,260
753,Thailand,Asia,1,69
754,United States,America,1,460
755,Uganda,Africa,1,316
756,Sudan,Africa,2,305
757,Cameroon,Africa,1,260
758,Tanzania,Africa,1,260
759,Thailand,Asia,1,69
760,Nigeria,Africa,1,278
761,Papua New Guinea,Pacific,1,425
762,Papua New Guinea,Pacific,1,425
763,Cameroon,Africa,1,260
764,Georgia,Asia,1,169
765,Palau,Pacific,1,79
766,Papua New Guinea,Pacific,1,426
767,Papua New Guinea,Pacific,1,412
768,Papua New Guinea,Pacific,1,412
769,Papua New Guinea,Pacific,1,80
770,Papua New Guinea,Pacific,1,138
771,Papua New Guinea,Pacific,1,418
772,Papua New Guinea,Pacific,1,353
773,Thailand,Asia,1,69
774,Laos,Asia,1,69
775,Nicaragua,America,1,109
776,Indonesia,Asia,1,74
777,Burundi,Africa,1,260
778,Uganda,Africa,1,260
779,India,Asia,1,169
780,Nigeria,Africa,1,265
781,Burkina Faso,Africa,1,259
782,Cambodia,Asia,1,69
783,Brazil,America,2,256
784,Indonesia,Asia,1,504
785,India,Asia,1,131
786,Mexico,America,1,238
787,Ecuador,America,2,436
788,Taiwan,Asia,1,82
789,Papua New Guinea,Pacific,1,80
790,Malaysia,Asia,1,61
791,United States,America,1,457
792,Ethiopia,Africa,1,295
793,Brazil,America,2,327
794,Tanzania,Africa,1,260
795,Zimbabwe,Africa,1,260
796,Cameroon,Africa,1,260
797,Papua New Guinea,Pacific,1,80
798,Pakistan,Asia,1,169
799,United States,America,1,17
800,Indonesia,Asia,1,376
801,Thailand,Asia,2,69
802,Vanuatu,Pacific,1,80
803,United States,America,1,347
804,Papua New Guinea,Pacific,1,80
805,Micronesia,Pacific,1,80
806,Nicaragua,America,1,237
807,Brazil,America,2,247
808,Mexico,America,1,317
809,United States,America,1,467
810,Micronesia,Pacific,1,77
811,United States,America,1,16
812,Bolivia,America,2,489
813,China,Asia,1,69
814,Indonesia,Asia,1,429
815,United States,America,1,470
816,Suriname,America,2,103
817,Papua New Guinea,Pacific,1,80
818,Mexico,America,1,462
819,Liberia,Africa,1,277
820,Ukraine,Europe,1,171
821,Pakistan,Asia,1,169
822,Indonesia,Asia,3,76
823,Papua New Guinea,Pacific,1,316
824,Papua New Guinea,Pacific,1,426
825,Colombia,America,2,436
826,Côte d'Ivoire,Africa,1,276
827,Iran,Asia,1,169
828,Myanmar,Asia,1,362
829,Indonesia,Asia,1,477
830,Argentina,America,3,151
831,Poland,Europe,1,171
832,Nigeria,Africa,1,274
833,Israel,Asia,1,167
834,Netherlands,Europe,1,167
835,Vanuatu,Pacific,1,80
836,Indonesia,Asia,1,506
837,Jamaica,America,1,316
838,Cameroon,Africa,1,265
839,Spain,Europe,1,170
840,Mexico,America,1,317
841,Nigeria,Africa,1,278
842,India,Asia,2,133
843,Mexico,America,1,317
844,Guinea,Africa,1,526
845,Indonesia,Asia,1,74
846,Indonesia,Asia,1,74
847,Nigeria,Africa,2,272
848,Papua New Guinea,Pacific,1,353
849,China,Asia,1,68
850,Malaysia,Asia,1,503
851,China,Asia,1,373
852,Nigeria,Africa,1,269
853,Democratic Republic of the Congo,Africa,1,260
854,United States,America,1,246
855,United States,America,1,17
856,Argentina,America,2,151
857,Brazil,America,3,527
858,Brazil,America,2,442
859,United States,America,1,142
860,Mexico,America,1,317
861,Mexico,America,1,236
862,Ethiopia,Africa,1,12
863,Malaysia,Asia,1,75
864,United States,America,1,158
865,Mexico,America,1,413
866,United States,America,1,460
867,Philippines,Asia,1,498
868,Tonga,Pacific,1,80
869,United States,America,1,335
870,Turkey,Asia,1,191
871,India,Asia,2,65
872,Indonesia,Asia,1,401
873,Cameroon,Africa,1,260
874,Brazil,America,2,527
875,Indonesia,Asia,1,504
876,Antigua and Barbuda,America,1,316
877,Philippines,Asia,1,498
878,Colombia,America,2,114
879,Brazil,America,2,440
880,Libya,Africa,1,10
881,India,Asia,2,65
882,Cameroon,Africa,1,260
883,Canada,America,1,17
884,United States,America,1,375
885,Belize,America,1,316
886,United States,America,1,246
887,Canada,America,1,345
888,Mexico,America,1,320
889,Turkey,Asia,1,169
890,Nigeria,Africa,1,280
891,Germany,Europe,1,167
892,India,Asia,2,168
893,Brazil,America,2,436
894,Democratic Republic of the Congo,Africa,1,260
895,Canada,America,1,345
896,Philippines,Asia,2,499
897,Brazil,America,2,151
898,Nigeria,Africa,1,269
899,Colombia,America,2,90
900,China,Asia,1,364
901,Papua New Guinea,Pacific,1,80
902,United States,America,1,336
903,Peru,America,2,327
904,India,Asia,2,370
905,Senegal,Africa,1,277
906,Argentina,America,2,151
907,Guatemala,America,1,236
908,Brazil,America,2,443
909,Canada,America,1,337
910,Germany,Europe,1,167
911,Mexico,America,1,323
912,United States,America,1,460
913,Nigeria,Africa,1,316
914,United States,America,1,162
915,Mexico,America,1,238
916,Spain,Europe,1,170
917,Croatia,Europe,1,171
918,Czech Republic,Europe,1,171
919,Spain,Europe,1,170
920,Democratic Republic of the Congo,Africa,1,265
921,Indonesia,Asia,2,504
922,Italy,Europe,1,170
923,Ecuador,America,2,341
924,Mexico,America,1,157
925,Pakistan,Asia,2,168
926,Slovenia,Europe,1,171
927,Sweden,Europe,1,167
928,Indonesia,Asia,1,511
929,Peru,America,2,527
930,Guatemala,America,1,236
931,Peru,America,1,341
932,Guatemala,America,1,236
933,Ecuador,America,1,341
934,Mexico,America,1,413
935,Papua New Guinea,Pacific,1,353
936,Papua New Guinea,Pacific,1,352
937,Ethiopia,Africa,1,7
938,Myanmar,Asia,1,364
939,Australia,Pacific,1,41
940,Papua New Guinea,Pacific,1,94
941,Sudan,Africa,1,305
942,Indonesia,Asia,1,233
943,Papua New Guinea,Pacific,1,411
944,United States,America,1,248
945,Papua New Guinea,Pacific,1,412
946,Papua New Guinea,Pacific,1,80
947,Papua New Guinea,Pacific,1,80
948,Papua New Guinea,Pacific,1,80
949,Papua New Guinea,Pacific,1,80
950,Papua New Guinea,Pacific,1,80
951,Papua New Guinea,Pacific,1,418
952,Cameroon,Africa,1,260
953,Papua New Guinea,Pacific,1,354
954,Cameroon,Africa,1,260
955,Cameroon,Africa,1,260
956,Cameroon,Africa,1,260
957,Cameroon,Africa,1,265
958,Cameroon,Africa,1,260
959,Cameroon,Africa,1,260
960,Equatorial Guinea,Africa,1,260
961,Papua New Guinea,Pacific,1,80
962,Cameroon,Africa,1,260
963,Malaysia,Asia,1,503
964,Zambia,Africa,1,260
965,Guyana,America,1,316
966,India,Asia,1,133
967,Indonesia,Asia,2,76
968,Australia,Pacific,1,41
969,Papua New Guinea,Pacific,1,426
970,Burkina Faso,Africa,1,277
971,Nigeria,Africa,1,6
972,Sudan,Africa,1,290
973,Ethiopia,Africa,2,13
974,India,Asia,2,168
975,Guinea,Africa,1,526
976,Cameroon,Africa,1,260
977,Kenya,Africa,1,260
978,Namibia,Africa,1,260
979,Zambia,Africa,1,260
980,Cameroon,Africa,1,260
981,French Polynesia,Pacific,1,80
982,India,Asia,1,383
983,Mexico,America,1,238
984,China,Asia,1,374
985,Ethiopia,Africa,1,307
986,Solomon Islands,Pacific,1,382
987,Solomon Islands,Pacific,1,80
988,Philippines,Asia,1,530
989,Indonesia,Asia,1,74
990,Indonesia,Asia,1,511
991,Indonesia,Asia,1,74
992,Brazil,America,2,438
993,Pakistan,Asia,1,168
994,Nepal,Asia,1,373
995,Bhutan,Asia,1,373
996,Ecuador,America,2,90
997,Guatemala,America,1,236
998,India,Asia,1,373
999,India,Asia,1,168
1000,Vanuatu,Pacific,1,80
1001,China,Asia,1,364
1002,United States,America,1,246
1003,Italy,Europe,1,170
1004,United States,America,1,248
1005,Côte d'Ivoire,Africa,1,261
1006,Australia,Pacific,1,41
1007,Venezuela,America,3,481
1008,Brazil,America,2,105
1009,United States,America,1,375
1010,Côte d'Ivoire,Africa,3,261
1011,Congo,Africa,1,260
1012,Cameroon,Africa,1,5
1013,Sudan,Africa,1,290
1014,Sudan,Africa,1,286
1015,Democratic Republic of the Congo,Africa,1,260
1016,Nigeria,Africa,1,259
1017,Nigeria,Africa,2,262
1018,Namibia,Africa,1,260
1019,Cameroon,Africa,2,260
1020,Democratic Republic of the Congo,Africa,1,260
1021,Gabon,Africa,1,260
1022,Cameroon,Africa,1,260
1023,Tanzania,Africa,1,260
1024,Malawi,Africa,1,260
1025,Angola,Africa,1,260
1026,Namibia,Africa,4,260
1027,Namibia,Africa,1,260
1028,Namibia,Africa,1,260
1029,Namibia,Africa,1,260
1030,Zimbabwe,Africa,1,260
1031,Democratic Republic of the Congo,Africa,1,260
1032,Cameroon,Africa,1,265
1033,Benin,Africa,1,261
1034,Benin,Africa,1,261
1035,Benin,Africa,1,261
1036,Benin,Africa,1,261
1037,Tanzania,Africa,1,260
1038,Nigeria,Africa,1,269
1039,Nigeria,Africa,1,260
1040,Cameroon,Africa,1,260
1041,Mali,Africa,1,277
1042,Nigeria,Africa,1,275
1043,Zambia,Africa,1,260
1044,Democratic Republic of the Congo,Africa,1,260
1045,Democratic Republic of the Congo,Africa,1,260
1046,Uganda,Africa,1,289
1047,Sudan,Africa,1,289
1048,Democratic Republic of the Congo,Africa,1,289
1049,Sudan,Africa,1,287
1050,Ghana,Africa,1,261
1051,Nigeria,Africa,1,278
1052,Nigeria,Africa,1,5
1053,Nigeria,Africa,1,275
1054,Ghana,Africa,1,261
1055,Togo,Africa,1,261
1056,Nigeria,Africa,1,5
1057,Nigeria,Africa,1,6
1058,Ghana,Africa,1,261
1059,Sierra Leone,Africa,1,526
1060,Central African Republic,Africa,1,265
1061,Sudan,Africa,1,305
1062,Benin,Africa,1,261
1063,Senegal,Africa,1,262
1064,Sudan,Africa,1,305
1065,Sudan,Africa,1,305
1066,Sudan,Africa,2,7
1067,Somalia,Africa,1,12
1068,Sudan,Africa,1,305
1069,Cameroon,Africa,1,260
1070,Mozambique,Africa,1,260
1071,South Africa,Africa,1,260
1072,Ghana,Africa,1,261
1073,Sierra Leone,Africa,1,526
1074,Sierra Leone,Africa,1,526
1075,Ghana,Africa,1,261
1076,Senegal,Africa,1,262
1077,Ghana,Africa,1,276
1078,Ghana,Africa,1,261
1079,Zambia,Africa,1,260
1080,Guinea,Africa,1,262
1081,Ghana,Africa,1,261
1082,Nigeria,Africa,1,260
1083,Eritrea,Africa,1,7
1084,Ethiopia,Africa,1,7
1085,Democratic Republic of the Congo,Africa,1,260
1086,Democratic Republic of the Congo,Africa,1,260
1087,Democratic Republic of the Congo,Africa,1,260
1088,Democratic Republic of the Congo,Africa,1,260
1089,Democratic Republic of the Congo,Africa,1,260
1090,Sudan,Africa,1,289
1091,Democratic Republic of the Congo,Africa,1,260
1092,Comoros,Africa,1,260
1093,Ethiopia,Africa,1,12
1094,Chad,Africa,1,265
1095,Cameroon,Africa,1,265
1096,Cameroon,Africa,1,265
1097,Chad,Africa,1,265
1098,Central African Republic,Africa,1,265
1099,Cameroon,Africa,1,265
1100,Ethiopia,Africa,1,13
1101,Ethiopia,Africa,1,10
1102,Uganda,Africa,1,305
1103,Nigeria,Africa,6,6
1104,Côte d'Ivoire,Africa,1,261
1105,Sudan,Africa,1,305
1106,Namibia,Africa,1,197
1107,Nigeria,Africa,1,6
1108,Ethiopia,Africa,1,12
1109,Ethiopia,Africa,1,12
1110,Ethiopia,Africa,1,13
1111,Congo,Africa,1,260
1112,Sudan,Africa,1,305
1113,Uganda,Africa,1,260
1114,Nigeria,Africa,1,5
1115,Liberia,Africa,1,277
1116,Nigeria,Africa,1,6
1117,Gabon,Africa,1,260
1118,Mali,Africa,1,293
1119,Ethiopia,Africa,1,12
1120,Sudan,Africa,1,271
1121,Sudan,Africa,1,271
1122,Nigeria,Africa,1,6
1123,Nigeria,Africa,1,5
1124,Chad,Africa,1,2
1125,Botswana,Africa,1,197
1126,Sudan,Africa,1,271
1127,Tanzania,Africa,1,260
1128,Nigeria,Africa,1,531
1129,Namibia,Africa,1,196
1130,Cameroon,Africa,1,260
1131,Nigeria,Africa,1,274
1132,Nigeria,Africa,1,278
1133,Kenya,Africa,1,305
1134,Tanzania,Africa,1,260
1135,Democratic Republic of the Congo,Africa,1,260
1136,Ghana,Africa,1,276
1137,Senegal,Africa,1,262
1138,Tanzania,Africa,1,260
1139,Kenya,Africa,1,305
1140,South Africa,Africa,1,167
1141,Ethiopia,Africa,1,10
1142,Ethiopia,Africa,1,10
1143,Sudan,Africa,1,305
1144,Ghana,Africa,1,261
1145,Ghana,Africa,1,261
1146,Cameroon,Africa,1,5
1147,Cameroon,Africa,1,5
1148,Cameroon,Africa,1,5
1149,Nigeria,Africa,1,5
1150,Nigeria,Africa,1,258
1151,Cameroon,Africa,1,5
1152,Cameroon,Africa,1,5
1153,Cameroon,Africa,1,5
1154,Cameroon,Africa,1,5
1155,Cameroon,Africa,1,260
1156,Cameroon,Africa,1,260
1157,Benin,Africa,1,276
1158,Ethiopia,Africa,1,10
1159,Cameroon,Africa,1,260
1160,Sudan,Africa,1,184
1161,Sudan,Africa,1,184
1162,Sudan,Africa,1,184
1163,Sudan,Africa,2,184
1164,Sudan,Africa,1,290
1165,Uganda,Africa,1,289
1166,Sudan,Africa,1,282
1167,Sudan,Africa,1,267
1168,Sudan,Africa,1,267
1169,Sudan,Africa,1,267
1170,Sudan,Africa,1,267
1171,Sudan,Africa,1,307
1172,Sudan,Africa,1,305
1173,Uganda,Africa,1,305
1174,Sudan,Africa,1,305
1175,Sudan,Africa,1,273
1176,Sudan,Africa,1,273
1177,Nigeria,Africa,1,6
1178,Equatorial Guinea,Africa,1,316
1179,Tanzania,Africa,1,260
1180,Ethiopia,Africa,1,9
1181,Kenya,Africa,1,260
1182,Mali,Africa,1,281
1183,Kenya,Africa,1,260
1184,Uganda,Africa,1,305
1185,Kenya,Africa,1,260
1186,Uganda,Africa,1,260
1187,Mozambique,Africa,1,260
1188,Botswana,Africa,1,260
1189,Mali,Africa,1,277
1190,Ethiopia,Africa,1,12
1191,Nigeria,Africa,1,280
1192,Senegal,Africa,1,262
1193,São Tomé e Príncipe,Africa,1,316
1194,Ghana,Africa,1,261
1195,Ethiopia,Africa,2,10
1196,Ethiopia,Africa,1,10
1197,Ethiopia,Africa,6,10
1198,Ethiopia,Africa,3,10
1199,Burkina Faso,Africa,1,277
1200,Chad,Africa,1,290
1201,Democratic Republic of the Congo,Africa,1,284
1202,Tanzania,Africa,1,260
1203,Ethiopia,Africa,1,307
1204,Tanzania,Africa,1,305
1205,Chad,Africa,1,290
1206,Ethiopia,Africa,1,306
1207,Uganda,Africa,1,301
1208,Ethiopia,Africa,2,13
1209,Ethiopia,Africa,1,13
1210,Ethiopia,Africa,1,13
1211,Ethiopia,Africa,1,13
1212,Ethiopia,Africa,1,9
1213,Ethiopia,Africa,1,285
1214,Ethiopia,Africa,1,285
1215,Ethiopia,Africa,1,285
1216,Democratic Republic of the Congo,Africa,1,273
1217,Uganda,Africa,1,260
1218,Burkina Faso,Africa,1,276
1219,Zimbabwe,Africa,1,260
1220,Benin,Africa,1,261
1221,Sudan,Africa,1,307
1222,Guinea-Bissau,Africa,1,532
1223,Ghana,Africa,1,261
1224,Sudan,Africa,1,271
1225,Côte d'Ivoire,Africa,1,277
1226,Sudan,Africa,1,271
1227,Nigeria,Africa,1,260
1228,Angola,Africa,1,260
1229,Namibia,Africa,1,260
1230,Namibia,Africa,1,260
1231,Angola,Africa,1,260
1232,Sudan,Africa,1,297
1233,Ethiopia,Africa,1,10
1234,Congo,Africa,1,260
1235,Tanzania,Africa,1,260
1236,Guinea,Africa,1,277
1237,Guinea,Africa,1,277
1238,Liberia,Africa,1,259
1239,Nigeria,Africa,1,259
1240,Nigeria,Africa,1,259
1241,Côte d'Ivoire,Africa,1,261
1242,Cameroon,Africa,1,260
1243,Ghana,Africa,1,261
1244,Ethiopia,Africa,1,12
1245,Côte d'Ivoire,Africa,1,263
1246,Nigeria,Africa,1,269
1247,Comoros,Africa,1,260
1248,Nigeria,Africa,1,533
1249,Nigeria,Africa,1,269
1250,Nigeria,Africa,1,272
1251,Nigeria,Africa,1,275
1252,Nigeria,Africa,1,269
1253,Nigeria,Africa,1,269
1254,Nigeria,Africa,1,272
1255,Nigeria,Africa,1,278
1256,Ghana,Africa,1,261
1257,Nigeria,Africa,1,5
1258,Nigeria,Africa,1,279
1259,Nigeria,Africa,1,279
1260,Mozambique,Africa,1,260
1261,Comoros,Africa,1,260
1262,Ghana,Africa,1,276
1263,Senegal,Africa,1,262
1264,Côte d'Ivoire,Africa,1,261
1265,São Tomé e Príncipe,Africa,1,316
1266,Ethiopia,Africa,1,12
1267,Guinea-Bissau,Africa,1,316
1268,Cameroon,Africa,3,260
1269,Cameroon,Africa,1,260
1270,Liberia,Africa,1,316
1271,Côte d'Ivoire,Africa,1,259
1272,Cameroon,Africa,1,260
1273,Réunion,Africa,1,316
1274,Sudan,Africa,1,298
1275,São Tomé e Príncipe,Africa,1,316
1276,Nigeria,Africa,1,6
1277,Tanzania,Africa,1,260
1278,Mauritius,Africa,1,316
1279,Democratic Republic of the Congo,Africa,1,316
1280,Togo,Africa,1,276
1281,Cameroon,Africa,1,260
1282,Cameroon,Africa,1,260
1283,Cameroon,Africa,1,5
1284,Sudan,Africa,1,305
1285,Cameroon,Africa,1,260
1286,Cameroon,Africa,1,5
1287,Cameroon,Africa,1,5
1288,Kenya,Africa,1,260
1289,Kenya,Africa,1,260
1290,Kenya,Africa,6,260
1291,Cameroon,Africa,1,5
1292,Cameroon,Africa,1,260
1293,Cameroon,Africa,1,5
1294,Cameroon,Africa,1,260
1295,Cameroon,Africa,1,260
1296,Cameroon,Africa,1,260
1297,Cameroon,Africa,1,260
1298,Burkina Faso,Africa,1,276
1299,Democratic Republic of the Congo,Africa,1,260
1300,Côte d'Ivoire,Africa,1,259
1301,Cape Verde Islands,Africa,1,316
1302,Côte d'Ivoire,Africa,1,276
1303,Ethiopia,Africa,1,12
1304,Morocco,Africa,1,4
1305,Egypt,Africa,1,4
1306,Tanzania,Africa,1,260
1307,Chad,Africa,4,2
1308,Cameroon,Africa,1,260
1309,Cameroon,Africa,1,260
1310,Cameroon,Africa,1,260
1311,Cameroon,Africa,1,260
1312,Cameroon,Africa,1,260
1313,Sierra Leone,Africa,1,277
1314,Cameroon,Africa,1,5
1315,Cameroon,Africa,1,260
1316,Burkina Faso,Africa,1,263
1317,Cameroon,Africa,1,269
1318,Kenya,Africa,1,12
1319,Cameroon,Africa,1,260
1320,Central African Republic,Africa,1,265
1321,Sudan,Africa,1,305
1322,Cameroon,Africa,1,5
1323,Democratic Republic of the Congo,Africa,1,288
1324,Tanzania,Africa,1,260
1325,Tanzania,Africa,1,260
1326,Tanzania,Africa,1,260
1327,Kenya,Africa,1,260
1328,Tanzania,Africa,1,260
1329,Tanzania,Africa,1,260
1330,Tanzania,Africa,1,260
1331,Tanzania,Africa,1,260
1332,Tanzania,Africa,1,260
1333,Cameroon,Africa,1,260
1334,Chad,Africa,1,265
1335,Cameroon,Africa,1,260
1336,Ethiopia,Africa,1,12
1337,Benin,Africa,1,261
1338,Tanzania,Africa,1,260
1339,Ghana,Africa,1,261
1340,Ethiopia,Africa,1,13
1341,Democratic Republic of the Congo,Africa,1,260
1342,Sudan,Africa,1,184
1343,Cameroon,Africa,1,260
1344,Philippines,Asia,1,75
1345,Malaysia,Asia,1,503
1346,Brunei,Asia,1,534
1347,Viet Nam,Asia,1,504
1348,Thailand,Asia,1,529
1349,Indonesia,Asia,1,506
1350,Indonesia,Asia,1,535
1351,Indonesia,Asia,1,535
1352,Indonesia,Asia,1,535
1353,Indonesia,Asia,1,74
1354,Indonesia,Asia,1,74
1355,Indonesia,Asia,1,316
1356,Indonesia,Asia,1,316
1357,Indonesia,Asia,1,504
1358,Indonesia,Asia,1,316
1359,Indonesia,Asia,1,316
1360,Indonesia,Asia,1,504
1361,Indonesia,Asia,1,504
1362,Philippines,Asia,1,530
1363,Indonesia,Asia,1,504
1364,Indonesia,Asia,1,535
1365,Philippines,Asia,1,530
1366,Philippines,Asia,1,530
1367,Philippines,Asia,1,500
1368,Indonesia,Asia,1,504
1369,Philippines,Asia,1,499
1370,Indonesia,Asia,1,83
1371,India,Asia,1,131
1372,India,Asia,1,370
1373,India,Asia,1,366
1374,India,Asia,1,168
1375,India,Asia,1,168
1376,India,Asia,1,133
1377,Pakistan,Asia,1,373
1378,India,Asia,2,168
1379,India,Asia,1,168
1380,India,Asia,1,168
1381,India,Asia,1,373
1382,India,Asia,1,370
1383,India,Asia,1,373
1384,India,Asia,1,65
1385,India,Asia,1,168
1386,India,Asia,1,366
1387,India,Asia,1,168
1388,India,Asia,1,65
1389,India,Asia,1,168
1390,India,Asia,1,65
1391,India,Asia,2,133
1392,India,Asia,1,168
1393,India,Asia,1,168
1394,India,Asia,1,133
1395,India,Asia,1,168
1396,India,Asia,1,370
1397,India,Asia,1,133
1398,India,Asia,1,370
1399,India,Asia,1,133
1400,India,Asia,1,132
1401,India,Asia,1,131
1402,India,Asia,1,132
1403,India,Asia,1,133
1404,India,Asia,1,65
1405,India,Asia,1,131
1406,India,Asia,1,168
1407,India,Asia,1,363
1408,India,Asia,1,370
1409,India,Asia,1,370
1410,India,Asia,1,168
1411,India,Asia,1,133
1412,India,Asia,1,134
1413,India,Asia,1,370
1414,India,Asia,1,168
1415,India,Asia,1,366
1416,India,Asia,1,366
1417,India,Asia,1,370
1418,India,Asia,1,132
1419,India,Asia,1,67
1420,India,Asia,1,132
1421,India,Asia,1,168
1422,India,Asia,1,370
1423,India,Asia,1,132
1424,India,Asia,1,373
1425,India,Asia,1,131
1426,India,Asia,1,168
1427,India,Asia,1,65
1428,India,Asia,1,370
1429,Pakistan,Asia,1,168
1430,India,Asia,1,65
1431,India,Asia,1,370
1432,Myanmar,Asia,1,372
1433,India,Asia,1,370
1434,India,Asia,1,133
1435,India,Asia,1,367
1436,India,Asia,1,133
1437,Pakistan,Asia,1,168
1438,India,Asia,1,168
1439,India,Asia,1,133
1440,India,Asia,1,133
1441,Colombia,America,1,527
1442,Suriname,America,1,527
1443,Peru,America,1,527
1444,Peru,America,1,527
1445,Peru,America,1,527
1446,Peru,America,1,527
1447,Venezuela,America,1,527
1448,Colombia,America,1,527
1449,Peru,America,1,527
1450,Colombia,America,1,527
1451,Brazil,America,1,527
1452,Peru,America,1,527
1453,Brazil,America,1,527
1454,Brazil,America,1,527
1455,Peru,America,1,527
1456,Brazil,America,1,527
1457,Peru,America,1,527
1458,Peru,America,1,527
1459,Brazil,America,1,527
1460,Venezuela,America,1,527
1461,Brazil,America,1,527
1462,Colombia,America,1,527
1463,Brazil,America,1,527
1464,Brazil,America,1,527
1465,Venezuela,America,1,527
1466,Brazil,America,1,527
1467,Brazil,America,1,527
1468,Venezuela,America,1,527
1469,Brazil,America,1,527
1470,Bolivia,America,1,527
1471,Brazil,America,1,24
1472,Brazil,America,1,24
1473,Brazil,America,1,24
1474,Brazil,America,1,24
1475,Peru,America,2,165
1476,Peru,America,1,100
1477,Suriname,America,1,103
1478,Brazil,America,1,103
1479,Brazil,America,1,103
1480,Colombia,America,1,103
1481,Brazil,America,1,103
1482,Brazil,America,1,103
1483,Brazil,America,1,103
1484,Brazil,America,1,103
1485,Venezuela,America,1,103
1486,Venezuela,America,1,103
1487,Venezuela,America,2,103
1488,Venezuela,America,1,103
1489,Suriname,America,1,103
1490,Brazil,America,1,103
1491,Brazil,America,1,103
1492,Venezuela,America,1,103
1493,Brazil,America,1,105
1494,Colombia,America,1,112
1495,Colombia,America,1,108
1496,Colombia,America,1,113
1497,Colombia,America,1,114
1498,Colombia,America,1,114
1499,Colombia,America,1,108
1500,Panama,America,1,119
1501,Colombia,America,1,119
1502,Colombia,America,1,119
1503,Colombia,America,1,119
1504,Panama,America,1,119
1505,Argentina,America,1,122
1506,Argentina,America,1,121
1507,Peru,America,1,441
1508,Colombia,America,1,150
1509,Colombia,America,1,150
1510,Colombia,America,1,150
1511,Peru,America,1,154
1512,Peru,America,1,120
1513,Peru,America,1,
1514,Peru,America,1,102
1515,Bolivia,America,1,216
1516,Peru,America,1,116
1517,Peru,America,1,536
1518,Colombia,America,1,339
1519,Peru,America,1,394
1520,Colombia,America,1,537
1521,Peru,America,1,452
1522,Argentina,America,1,538
1523,Chile,America,1,480
1524,Peru,America,1,183
1525,Peru,America,1,183
1526,Peru,America,1,183
1527,Colombia,America,1,98
1528,Brazil,America,1,192
1529,Brazil,America,1,180
1530,Brazil,America,1,224
1531,Bolivia,America,1,117
1532,Brazil,America,1,224
1533,Brazil,America,1,227
1534,Brazil,America,1,180
1535,Brazil,America,1,229
1536,Brazil,America,1,224
1537,Brazil,America,1,224
1538,Brazil,America,1,226
1539,Brazil,America,1,224
1540,Brazil,America,1,539
1541,Brazil,America,1,224
1542,Brazil,America,1,
1543,Brazil,America,1,540
1544,Brazil,America,1,230
1545,Brazil,America,2,224
1546,Brazil,America,1,228
1547,Brazil,America,1,224
1548,Brazil,America,1,224
1549,Brazil,America,1,224
1550,Brazil,America,1,224
1551,Argentina,America,1,235
1552,Paraguay,America,1,235
1553,Bolivia,America,1,235
1554,Bolivia,America,1,541
1555,Brazil,America,1,247
1556,Brazil,America,1,247
1557,Brazil,America,1,339
1558,Brazil,America,1,256
1559,Brazil,America,1,256
1560,Peru,America,1,327
1561,Peru,America,1,327
1562,Peru,America,1,327
1563,Peru,America,1,327
1564,Brazil,America,1,327
1565,Brazil,America,1,327
1566,Brazil,America,1,
1567,Brazil,America,1,327
1568,Brazil,America,1,327
1569,Peru,America,1,327
1570,Brazil,America,1,327
1571,Indonesia,Asia,1,72
1572,Nigeria,Africa,1,269
1573,Peru,America,1,327
1574,Peru,America,1,327
1575,Peru,America,1,327
1576,Peru,America,1,327
1577,Peru,America,1,481
1578,Peru,America,1,341
1579,Peru,America,1,341
1580,Peru,America,1,341
1581,Peru,America,1,341
1582,Peru,America,1,341
1583,Ecuador,America,1,341
1584,Colombia,America,1,341
1585,Colombia,America,1,341
1586,Peru,America,3,341
1587,Peru,America,1,341
1588,Bolivia,America,1,341
1589,Peru,America,1,341
1590,Peru,America,1,341
1591,Peru,America,1,341
1592,Argentina,America,1,341
1593,Peru,America,1,341
1594,Ecuador,America,1,341
1595,Venezuela,America,1,343
1596,Bolivia,America,1,387
1597,Bolivia,America,2,387
1598,Bolivia,America,1,387
1599,Colombia,America,1,436
1600,Brazil,America,1,436
1601,Colombia,America,1,436
1602,Colombia,America,1,436
1603,Colombia,America,1,436
1604,Peru,America,1,436
1605,Brazil,America,1,436
1606,Colombia,America,1,436
1607,Colombia,America,1,436
1608,Brazil,America,1,436
1609,Colombia,America,1,436
1610,Colombia,America,1,436
1611,Brazil,America,1,438
1612,Brazil,America,1,441
1613,Brazil,America,1,441
1614,Brazil,America,1,441
1615,Brazil,America,1,441
1616,Brazil,America,1,441
1617,Brazil,America,1,441
1618,Brazil,America,1,542
1619,Bolivia,America,2,441
1620,Guyane fran,America,1,441
1621,Brazil,America,1,439
1622,Brazil,America,1,441
1623,Brazil,America,1,441
1624,Bolivia,America,1,441
1625,Brazil,America,1,441
1626,Brazil,America,1,441
1627,Brazil,America,1,441
1628,Brazil,America,1,441
1629,Brazil,America,1,441
1630,Brazil,America,1,443
1631,Brazil,America,1,438
1632,Brazil,America,1,441
1633,Peru,America,1,441
1634,Paraguay,America,1,441
1635,Brazil,America,1,441
1636,Brazil,America,1,542
1637,Brazil,America,1,439
1638,Paraguay,America,1,441
1639,Brazil,America,1,441
1640,Brazil,America,1,441
1641,Brazil,America,1,441
1642,Brazil,America,1,438
1643,Brazil,America,1,441
1644,Brazil,America,1,441
1645,Brazil,America,2,441
1646,Brazil,America,1,441
1647,Brazil,America,1,441
1648,Brazil,America,1,542
1649,Bolivia,America,1,441
1650,Brazil,America,1,
1651,Venezuela,America,1,543
1652,Brazil,America,1,188
1653,Chile,America,1,205
1654,Venezuela,America,1,483
1655,Bolivia,America,1,453
1656,Bolivia,America,1,453
1657,Colombia,America,1,166
1658,Peru,America,1,166
1659,Colombia,America,1,166
1660,Brazil,America,3,481
1661,Venezuela,America,3,481
1662,Paraguay,America,1,491
1663,Paraguay,America,1,491
1664,Peru,America,1,492
1665,Peru,America,1,492
1666,Ecuador,America,1,492
1667,Paraguay,America,1,441
1668,Brazil,America,1,436
1669,Brazil,America,1,481
1670,Bolivia,America,1,327
1671,Colombia,America,2,103
1672,Bolivia,America,1,527
